userToken,timestamp,objectID,eventType,eventName
synthetic_2b3ef5a251c4,2025-12-16T08:58:35Z,yt_sOAoUH0pZNU,conversion,talk_watch
synthetic_d2eea8648852,2026-01-05T13:02:17Z,yt_OPV8GIdnQto,conversion,talk_watch
synthetic_021c90fd652c,2026-01-11T10:51:48Z,yt_g85Yxg9U5eU,conversion,talk_watch
synthetic_8fbf06c7bbbe,2025-12-31T23:04:30Z,yt_MGpTUx8MKMY,conversion,talk_watch
synthetic_d100bfb9736f,2026-01-01T00:11:06Z,yt_dKk8zmvmuPI,conversion,talk_watch
synthetic_9161886622e0,2025-12-30T10:58:18Z,yt_z4zXicOAF28,conversion,talk_watch
synthetic_f21f3e79be53,2025-11-21T16:13:20Z,yt_to7imoHzdvw,conversion,talk_watch
synthetic_97859690b895,2026-01-15T04:42:47Z,yt_2_Genyj6Ti8,conversion,talk_watch
synthetic_8a27656ff4c0,2025-12-15T13:26:11Z,yt_LvvHzuQYuNI,conversion,talk_watch
synthetic_ebe13337fbe6,2026-01-16T15:00:47Z,yt_A7JuCEy_mGI,conversion,talk_watch
synthetic_334b118db7c4,2026-01-06T21:52:46Z,yt_B6LA20wFuLc,conversion,talk_watch
synthetic_11559eb69c04,2026-01-07T00:51:52Z,yt_WQjpxHcQA64,conversion,talk_watch
synthetic_e79a82456d57,2026-01-15T15:59:05Z,yt_UgNdKcOGFdE,conversion,talk_watch
synthetic_16e8677261f0,2025-11-28T01:13:12Z,yt_7PYNmZhpT1A,conversion,talk_watch
synthetic_c4d43e266f02,2025-12-10T16:05:11Z,yt_j2jJhCIobTo,conversion,talk_watch
synthetic_322dd55ef9f5,2025-12-24T07:27:01Z,yt_1Rdip_ju458,conversion,talk_watch
synthetic_42b897535106,2025-12-26T01:05:24Z,yt_nzsFUz2K884,conversion,talk_watch
synthetic_2dc0f733a413,2026-01-04T21:00:41Z,yt_UbhQdScb6xA,conversion,talk_watch
synthetic_8a619e2b04a2,2025-12-22T14:57:03Z,yt_dKk8zmvmuPI,conversion,talk_watch
synthetic_ae9195386aed,2026-01-15T00:29:27Z,yt_g1MInD5GUws,conversion,talk_watch
synthetic_c93f97c6d182,2025-12-15T10:27:37Z,yt_syA3xxKfB4s,conversion,talk_watch
synthetic_1c553679d8a1,2025-12-03T08:03:39Z,yt_7zWD988GRRY,conversion,talk_watch
synthetic_475f59e8afbf,2026-01-10T18:19:24Z,yt_hc6r190NYvk,conversion,talk_watch
synthetic_88cc5482179d,2025-12-09T19:18:11Z,yt_wMgW-OeVR8Y,conversion,talk_watch
synthetic_8b66ef301273,2025-12-02T22:53:46Z,yt_Y0K5UUJyN10,conversion,talk_watch
synthetic_5da01ac6efba,2025-12-14T09:16:13Z,yt_qvwqnO359E0,conversion,talk_watch
synthetic_579f550980da,2025-11-29T02:09:00Z,yt_wMgW-OeVR8Y,conversion,talk_watch
synthetic_9119a40a9ad2,2025-12-03T22:14:28Z,yt_w9xQRJXKrV0,conversion,talk_watch
synthetic_342185ddc58e,2025-12-14T20:52:12Z,yt_VyIhYfwfCkQ,conversion,talk_watch
synthetic_2baa69e959c9,2025-12-29T12:23:52Z,yt_zOz-Sk4K-64,conversion,talk_watch
synthetic_94f3f7d5be11,2025-12-16T21:32:01Z,yt_zEX3xVxSqqM,conversion,talk_watch
synthetic_dbcc10d09b7c,2025-12-02T17:05:27Z,yt_B1DLHKRTBOY,conversion,talk_watch
synthetic_345556b63068,2025-12-07T17:09:47Z,yt_jyLgZwDSrmU,conversion,talk_watch
synthetic_6958317c325b,2025-12-17T06:41:30Z,yt_mCmrrH_WDTs,conversion,talk_watch
synthetic_7b8e4ea88504,2026-01-16T09:42:09Z,yt_Nh99d3YnpI4,conversion,talk_watch
synthetic_1c9c6b3916e8,2025-11-29T21:29:32Z,yt_pZUeBhw1VG8,conversion,talk_watch
synthetic_e0501f7f3c17,2025-12-15T12:02:00Z,yt_06mDjue1kKg,conversion,talk_watch
synthetic_31b1d6266858,2026-01-13T17:34:33Z,yt_wY8wwcd_u2w,conversion,talk_watch
synthetic_c2d04b8165d3,2025-12-29T05:42:18Z,yt_LvvHzuQYuNI,conversion,talk_watch
synthetic_e908fb1c6f49,2025-12-08T16:21:00Z,yt_g2G0n7xcfyI,conversion,talk_watch
synthetic_9b4418a8d681,2025-12-16T22:05:44Z,yt_bHeVE93lkzQ,conversion,talk_watch
synthetic_07e582bd65a9,2025-12-14T08:13:27Z,yt_hbAr_hMNf2o,conversion,talk_watch
synthetic_de7a90f4add6,2025-11-22T10:37:50Z,yt_jyLgZwDSrmU,conversion,talk_watch
synthetic_0a4a7afa2601,2025-12-17T19:39:30Z,yt_hOspzVbuPfc,conversion,talk_watch
synthetic_01d63ee2ce7c,2025-12-07T03:47:02Z,yt_dQnolGPNdQ4,conversion,talk_watch
synthetic_6f1c3616c74d,2025-12-02T17:24:12Z,yt_7uixlNTOY4s,conversion,talk_watch
synthetic_783d25479d7d,2025-12-25T14:46:04Z,yt_FZ0QyLnaKwk,conversion,talk_watch
synthetic_de44888d433f,2026-01-10T06:58:26Z,yt_YoPskpg3zJQ,conversion,talk_watch
synthetic_8ccfc32ce679,2026-01-02T14:31:46Z,yt_vkefS7WQ9oc,conversion,talk_watch
synthetic_43a1d7390689,2025-11-21T04:51:47Z,yt_ECrZ3yuZhPY,conversion,talk_watch
synthetic_d1e90669e280,2026-01-12T11:08:12Z,yt_o4hpEQ5ErnE,conversion,talk_watch
synthetic_3989f898f3aa,2025-12-14T19:26:27Z,yt_DVpe6y12zEc,conversion,talk_watch
synthetic_80c18ef9e151,2025-11-28T17:40:36Z,yt_FRDKFirhsK0,conversion,talk_watch
synthetic_8b58f96c07f6,2025-12-26T11:02:55Z,yt_-18bBu7lxP0,conversion,talk_watch
synthetic_1fddef9b2b6a,2025-12-28T12:18:10Z,yt_ujn06J5eFvc,conversion,talk_watch
synthetic_d4dee4ef4093,2025-11-27T10:26:09Z,yt_pqZFULVdg2g,conversion,talk_watch
synthetic_22ff5147587c,2025-12-02T06:11:58Z,yt_d518JdL5Ha0,conversion,talk_watch
synthetic_0cc6bf4494d1,2026-01-09T18:42:39Z,yt_sMCDRWakEro,conversion,talk_watch
synthetic_df2251afee68,2025-12-31T22:07:04Z,yt_dc-xC_AYt68,conversion,talk_watch
synthetic_7fd9bd2dd6df,2026-01-08T03:33:39Z,yt_LohqrWltyao,conversion,talk_watch
synthetic_6b91c53ea057,2025-11-20T09:16:48Z,yt_5l5gAfRpMFA,conversion,talk_watch
synthetic_051c23edc814,2025-12-22T11:16:48Z,yt_X69hWAWxTOI,conversion,talk_watch
synthetic_752ffb27ca53,2025-12-03T03:57:52Z,yt_Gh79wcGJdTg,conversion,talk_watch
synthetic_49779b486e0d,2025-12-02T15:41:57Z,yt_s9nFLWzt4c0,conversion,talk_watch
synthetic_289dd6c287d4,2025-12-27T11:31:34Z,yt_UgNdKcOGFdE,conversion,talk_watch
synthetic_84a910a82abb,2025-12-21T15:39:16Z,yt_6-C7v_MEJH8,conversion,talk_watch
synthetic_c23d1e241726,2026-01-07T09:30:15Z,yt_HLPj6DPkabc,conversion,talk_watch
synthetic_c776df2641bb,2026-01-13T01:08:37Z,yt_4kumpeVavLs,conversion,talk_watch
synthetic_e54296a6347e,2025-12-12T14:16:25Z,yt_ITfV-VK9vD0,conversion,talk_watch
synthetic_409ae9b78958,2026-01-17T19:32:25Z,yt_ZNpWo9fjS8s,conversion,talk_watch
synthetic_a9ea39a443b4,2026-01-03T02:32:59Z,yt__FycgOQsiIg,conversion,talk_watch
synthetic_2444c3a7be65,2025-12-05T14:58:14Z,yt_r8g_USC4To0,conversion,talk_watch
synthetic_71d7b7773bc8,2025-11-28T22:08:26Z,yt_OZePBJGNP7Y,conversion,talk_watch
synthetic_ec4582bd8f0c,2025-12-07T01:17:51Z,yt_YhuhLdwxA2k,conversion,talk_watch
synthetic_d68ffd3bca60,2025-12-12T10:03:14Z,yt_X1bjF6qCf5w,conversion,talk_watch
synthetic_9c5fff8451df,2025-12-18T01:07:19Z,yt_mCmrrH_WDTs,conversion,talk_watch
synthetic_aff8fba1597f,2026-01-05T05:35:08Z,yt_k7KWwNdXXQY,conversion,talk_watch
synthetic_4406c444912e,2025-12-16T06:43:03Z,yt_K-ntHsFriuI,conversion,talk_watch
synthetic_20ff530017a6,2025-12-16T05:08:47Z,yt_vjqhGJMFhFI,conversion,talk_watch
synthetic_2ae4d087fd81,2025-11-21T02:56:24Z,yt_xFA-0mSgatk,conversion,talk_watch
synthetic_89e23e83e650,2025-12-16T22:18:38Z,yt_li5bHEqmVlc,conversion,talk_watch
synthetic_5afe0d166c52,2025-12-04T09:44:42Z,yt_YoPskpg3zJQ,conversion,talk_watch
synthetic_ac314c0aa977,2025-12-19T19:20:38Z,yt_iMpHMcW5YaM,conversion,talk_watch
synthetic_2dcd0413ee72,2026-01-12T01:46:38Z,yt_haGKtxtHAyQ,conversion,talk_watch
synthetic_d6b6e19f1340,2025-11-27T11:31:01Z,yt_sMCDRWakEro,conversion,talk_watch
synthetic_e09092ad92c9,2025-12-29T14:04:36Z,yt_twMM9NQXRaI,conversion,talk_watch
synthetic_06ff5c4b4e8e,2026-01-13T11:16:17Z,yt_zi0X30n5QQI,conversion,talk_watch
synthetic_8b580dced648,2025-12-04T15:58:00Z,yt_OZePBJGNP7Y,conversion,talk_watch
synthetic_0d8b973cca95,2025-12-03T07:32:56Z,yt_i4JTv6ol7U4,conversion,talk_watch
synthetic_f8eaec8df12c,2025-11-26T10:21:55Z,yt_4cZhQsc1w2Q,conversion,talk_watch
synthetic_d32ae6da9724,2025-12-04T11:38:21Z,yt_yzrtV13RwDU,conversion,talk_watch
synthetic_1ef427020d58,2026-01-15T15:42:25Z,yt_en-qZm518oc,conversion,talk_watch
synthetic_643449b272a2,2025-11-21T00:37:23Z,yt_gM2J5plaDmw,conversion,talk_watch
synthetic_2d15834ce54c,2025-12-14T13:50:37Z,yt_Iob04azQ70o,conversion,talk_watch
synthetic_c93016eb6358,2026-01-06T21:37:17Z,yt_GjDwj7RWOgs,conversion,talk_watch
synthetic_b96e3987a07a,2026-01-11T01:03:47Z,yt_fmkeXRfgXEs,conversion,talk_watch
synthetic_b1310665790b,2025-11-26T10:33:40Z,yt_tKFWO9sT-Cc,conversion,talk_watch
synthetic_bfc5d1890195,2026-01-04T13:18:03Z,yt_uELHULixPNE,conversion,talk_watch
synthetic_8ee88d927bb1,2026-01-14T09:53:14Z,yt_HhztEv9S0Ow,conversion,talk_watch
synthetic_26d13c6344d7,2026-01-13T03:44:56Z,yt_0FmFyZPRFpM,conversion,talk_watch
synthetic_78e79b8179f8,2026-01-09T07:31:03Z,yt_TVa6J7GzJeA,conversion,talk_watch
synthetic_fb9e4733fc01,2025-12-14T20:37:04Z,yt_60B-4EW2Fms,conversion,talk_watch
synthetic_1ea564955f3a,2026-01-18T06:54:11Z,yt__8r4c2zGjNI,conversion,talk_watch
synthetic_81c18ddd4e17,2025-11-20T00:21:30Z,yt_Nn_bv3qWkfc,conversion,talk_watch
synthetic_6ed30bef8c87,2025-11-29T17:22:57Z,yt_il2IQK6zzsI,conversion,talk_watch
synthetic_337798ecc971,2026-01-08T18:13:44Z,yt_wY8wwcd_u2w,conversion,talk_watch
synthetic_f9a0aadfe337,2026-01-14T10:02:21Z,yt_9P09P7lGnMk,conversion,talk_watch
synthetic_c0da25fbc5e2,2025-12-11T07:20:46Z,yt_oQKkIlYt8D8,conversion,talk_watch
synthetic_08c44b5d01de,2026-01-13T10:45:26Z,yt_sOAoUH0pZNU,conversion,talk_watch
synthetic_591a2f97a01f,2026-01-04T07:02:39Z,yt_Iob04azQ70o,conversion,talk_watch
synthetic_cfc9235b4f86,2025-11-28T00:56:54Z,yt_1tnQLkcToIQ,conversion,talk_watch
synthetic_6dd48a783b29,2025-12-21T21:48:04Z,yt_FBV7wahXjTI,conversion,talk_watch
synthetic_7ddaae35b603,2026-01-02T14:02:16Z,yt_q9xj0jQNrnw,conversion,talk_watch
synthetic_706106e4dad9,2026-01-06T04:40:19Z,yt_pVtt1NHhWcw,conversion,talk_watch
synthetic_ee21048bd7cc,2025-12-29T01:01:58Z,yt_qNt06GcQqCA,conversion,talk_watch
synthetic_8ea0ac4e62b4,2025-11-20T04:33:27Z,yt_YcOVuZFcPmo,conversion,talk_watch
synthetic_6664c39338bd,2026-01-07T22:08:27Z,yt_XrN7lhr9E_I,conversion,talk_watch
synthetic_6d96042e2a05,2025-12-17T15:24:02Z,yt_cQvtT2vRhok,conversion,talk_watch
synthetic_76d60dd4e15d,2025-12-24T20:50:37Z,yt_2ii21nvlWaQ,conversion,talk_watch
synthetic_6ca3413711d3,2025-11-20T17:31:12Z,yt_mOLzSzpVwHU,conversion,talk_watch
synthetic_a9250cc2bda9,2025-12-25T02:31:16Z,yt_en-qZm518oc,conversion,talk_watch
synthetic_fd698e29c749,2026-01-13T17:11:48Z,yt_o4hpEQ5ErnE,conversion,talk_watch
synthetic_058c6e61fd32,2025-12-23T05:25:46Z,yt_OuRQnJKIEaM,conversion,talk_watch
synthetic_0d7a91a511ce,2025-12-12T06:23:24Z,yt_HLPj6DPkabc,conversion,talk_watch
synthetic_d614f1d20251,2026-01-14T22:39:39Z,yt_roUMvkicoa4,conversion,talk_watch
synthetic_98a7c5868bbb,2025-12-19T21:28:01Z,yt_QPMJ_SXRlHs,conversion,talk_watch
synthetic_0cf2ddbc8eb6,2025-12-30T23:57:51Z,yt_4S5m5Jhneds,conversion,talk_watch
synthetic_fef9bc9b18b1,2026-01-11T08:19:32Z,yt_B1DLHKRTBOY,conversion,talk_watch
synthetic_dc54aa5c2690,2025-11-29T11:27:24Z,yt_9DV6MXuAJu4,conversion,talk_watch
synthetic_22220b9932ab,2025-12-24T18:41:47Z,yt_-THd1Su3vxE,conversion,talk_watch
synthetic_0d8487d44af1,2025-12-07T17:43:53Z,yt_gM2J5plaDmw,conversion,talk_watch
synthetic_a3f7d291a6ff,2025-11-29T09:28:02Z,yt_r8g_USC4To0,conversion,talk_watch
synthetic_d1b96d5feaeb,2026-01-02T04:02:20Z,yt_GeHRZ2odNIM,conversion,talk_watch
synthetic_d949060fbed7,2025-12-12T04:22:42Z,yt_I_UaaqJrxT8,conversion,talk_watch
synthetic_c9db211a88f1,2026-01-04T18:47:59Z,yt_HTIltI0NuNg,conversion,talk_watch
synthetic_8ee397775815,2025-12-26T14:39:42Z,yt_mbYzcF43fbc,conversion,talk_watch
synthetic_49e23d655ac6,2025-11-21T14:21:04Z,yt_BleS-MHLn7s,conversion,talk_watch
synthetic_606f371113ce,2025-12-29T10:36:55Z,yt_7uixlNTOY4s,conversion,talk_watch
synthetic_ba83fb219a60,2025-11-28T18:46:43Z,yt_QkEmDuN7T9g,conversion,talk_watch
synthetic_3ce2c9821169,2025-12-28T17:59:53Z,yt_1auMChg1ULw,conversion,talk_watch
synthetic_45b3eb3b05dc,2025-12-18T04:58:37Z,yt_68jLShYpPt4,conversion,talk_watch
synthetic_06808de38b95,2025-12-18T08:54:48Z,yt_2X698yueu7I,conversion,talk_watch
synthetic_6c251ccc35fa,2025-12-25T00:34:34Z,yt_B1DLHKRTBOY,conversion,talk_watch
synthetic_61379b20d105,2026-01-07T06:40:05Z,yt_hMU5yq7l6lI,conversion,talk_watch
synthetic_45208734faa4,2025-12-21T15:57:46Z,yt_fm4CqlxqQfs,conversion,talk_watch
synthetic_7f95861dea17,2025-12-20T12:00:57Z,yt_LohqrWltyao,conversion,talk_watch
synthetic_64b9706c5cd4,2025-12-04T02:58:56Z,yt_hAxUnb11gEM,conversion,talk_watch
synthetic_04193776ec99,2025-11-26T13:12:48Z,yt_yzrtV13RwDU,conversion,talk_watch
synthetic_14784f21e589,2025-12-25T02:45:20Z,yt_dl-AMs5L8LE,conversion,talk_watch
synthetic_60f73eb8d172,2025-12-17T22:44:42Z,yt_QTQEzKQFjXg,conversion,talk_watch
synthetic_85fd636d3ba6,2025-11-26T18:32:59Z,yt_1ScGXrYZKYg,conversion,talk_watch
synthetic_a3153d974e1b,2025-12-13T11:54:38Z,yt_0FmFyZPRFpM,conversion,talk_watch
synthetic_1464c124e0f6,2025-12-15T01:17:27Z,yt_5RnqDtGtLPM,conversion,talk_watch
synthetic_cc4683c5f989,2025-12-06T08:45:41Z,yt_7zWD988GRRY,conversion,talk_watch
synthetic_00089ddffc3c,2026-01-07T17:16:42Z,yt_LzNa-_jNAVk,conversion,talk_watch
synthetic_6481e7c809b8,2025-12-12T22:23:23Z,yt_BleS-MHLn7s,conversion,talk_watch
synthetic_7719d24af44c,2026-01-06T09:01:43Z,yt_Jad9uSMIS-I,conversion,talk_watch
synthetic_e9ccc53e0621,2025-12-07T08:24:38Z,yt_bHeVE93lkzQ,conversion,talk_watch
synthetic_199afc6a70b4,2025-12-25T15:52:41Z,yt_DobKkCDjZRM,conversion,talk_watch
synthetic_d2f681cf28e6,2025-12-22T04:18:46Z,yt_-EQbrLV_GpU,conversion,talk_watch
synthetic_91042142a3f8,2025-12-29T09:01:10Z,yt_EBZNr4pl6F0,conversion,talk_watch
synthetic_2661d4b5d8a4,2025-12-05T10:14:16Z,yt_nfFIvWX8xzY,conversion,talk_watch
synthetic_8dafa51aae2b,2026-01-08T21:31:50Z,yt_tnaVbmhOZBU,conversion,talk_watch
synthetic_5310dd664ca5,2026-01-02T03:15:33Z,yt_eUeUiIH8CeE,conversion,talk_watch
synthetic_2f2c09c6f5a2,2026-01-12T11:43:42Z,yt_fCf3WTRh9c0,conversion,talk_watch
synthetic_a40d0b4c97db,2025-12-20T20:41:42Z,yt_P87C4jNakGs,conversion,talk_watch
synthetic_333b2a23b1c9,2025-11-19T17:31:53Z,yt_AsTAAq5jKSo,conversion,talk_watch
synthetic_2fec3f2d8869,2025-12-20T15:54:54Z,yt_LvvHzuQYuNI,conversion,talk_watch
synthetic_c9648aa74a8f,2025-12-29T00:42:17Z,yt_auFkJ2k28f4,conversion,talk_watch
synthetic_4ec3083fe423,2025-12-08T18:00:00Z,yt_C1naXYdOoNA,conversion,talk_watch
synthetic_8a68595bf5e0,2025-11-20T15:22:06Z,yt_fhJBEuJjxFQ,conversion,talk_watch
synthetic_d79bf4d5fc7b,2025-12-30T20:06:14Z,yt_B1DLHKRTBOY,conversion,talk_watch
synthetic_4796ad553dac,2025-12-23T16:45:53Z,yt_8Y572t2vVzU,conversion,talk_watch
synthetic_5762a0073f5d,2026-01-04T19:54:22Z,yt_0y_ts8oh36o,conversion,talk_watch
synthetic_1802280ff140,2026-01-12T23:41:10Z,yt_zOz-Sk4K-64,conversion,talk_watch
synthetic_1d1cdb7fa599,2026-01-04T19:38:18Z,yt_KjQnB9yB9kQ,conversion,talk_watch
synthetic_fbae08618ed1,2025-11-26T05:05:50Z,yt_UgNdKcOGFdE,conversion,talk_watch
synthetic_1dab0abc5a3d,2026-01-06T06:38:37Z,yt_jF4LTXHAFAk,conversion,talk_watch
synthetic_ea68bd25ab72,2025-11-29T10:50:46Z,yt_twMM9NQXRaI,conversion,talk_watch
synthetic_fa33a627672c,2026-01-04T09:57:04Z,yt_JY4nYnLrnt8,conversion,talk_watch
synthetic_06842a7b9b07,2025-11-23T18:58:12Z,yt_EBZNr4pl6F0,conversion,talk_watch
synthetic_68e5b3802d28,2025-12-04T00:30:26Z,yt_nfFIvWX8xzY,conversion,talk_watch
synthetic_2ddf31b31a1e,2026-01-17T07:15:34Z,yt_Dn3sjTmbE7M,conversion,talk_watch
synthetic_fe2b264bd4a6,2026-01-18T07:02:01Z,yt_mCh6qtqNBes,conversion,talk_watch
synthetic_a30353782dea,2025-11-23T21:20:42Z,yt_0HEJFYSxbB8,conversion,talk_watch
synthetic_2d0c92c19e18,2026-01-07T06:21:45Z,yt_L-DPGKQipdk,conversion,talk_watch
synthetic_45de5263901a,2025-12-05T03:22:09Z,yt_wv9-ClaBQuY,conversion,talk_watch
synthetic_a71bce61b564,2025-12-09T22:26:55Z,yt_biskZHQRKdg,conversion,talk_watch
synthetic_fc69316a0c40,2025-12-31T16:37:44Z,yt_twMM9NQXRaI,conversion,talk_watch
synthetic_3a7ac074315f,2025-12-24T12:45:44Z,yt_u5xYfZUfhLE,conversion,talk_watch
synthetic_ac2276faa0d0,2025-12-30T15:43:04Z,yt_f4J4u6lqgUI,conversion,talk_watch
synthetic_978e9aec2b12,2025-12-15T01:51:58Z,yt_v8rrNHF4JSw,conversion,talk_watch
synthetic_4e24b3321a28,2025-11-19T15:51:55Z,yt_FP5c8_U1G-w,conversion,talk_watch
synthetic_5f7233122788,2026-01-16T08:20:41Z,yt_Uk3ljMUOyRc,conversion,talk_watch
synthetic_abf82bac49e5,2026-01-13T04:27:17Z,yt_ATi085IBYnQ,conversion,talk_watch
synthetic_bd6a3fc12bb6,2025-12-17T06:07:17Z,yt_0ZSDA-bOU4E,conversion,talk_watch
synthetic_994459877172,2025-12-30T00:29:13Z,yt_B6LA20wFuLc,conversion,talk_watch
synthetic_5211da8b5feb,2025-12-31T13:07:01Z,yt_ve33hCLHbcg,conversion,talk_watch
synthetic_e047448e8e55,2025-12-02T13:37:18Z,yt_vkefS7WQ9oc,conversion,talk_watch
synthetic_3eb074e1a457,2025-11-29T16:26:15Z,yt_5z9Dbuw6EXA,conversion,talk_watch
synthetic_58ec7d6443f1,2026-01-11T16:24:24Z,yt_KjQnB9yB9kQ,conversion,talk_watch
synthetic_fa473b77bef8,2026-01-17T13:03:50Z,yt_ve33hCLHbcg,conversion,talk_watch
synthetic_9ce8414e2337,2025-12-03T10:58:35Z,yt_HhztEv9S0Ow,conversion,talk_watch
synthetic_f5f50fe02441,2025-11-25T11:25:54Z,yt_yr8jH2OWX7M,conversion,talk_watch
synthetic_d39664ddd820,2026-01-05T00:21:57Z,yt_mwEI26e-Ebk,conversion,talk_watch
synthetic_e233f13fba21,2026-01-04T12:35:35Z,yt_0HEJFYSxbB8,conversion,talk_watch
synthetic_6b00397eb1f4,2025-11-26T06:31:30Z,yt_LohqrWltyao,conversion,talk_watch
synthetic_388a256c684f,2025-12-09T04:05:52Z,yt_FI1Ao-qFFoY,conversion,talk_watch
synthetic_959657aca2fd,2025-12-18T07:50:21Z,yt_eGAMrqT9N1w,conversion,talk_watch
synthetic_9c7ddfb3182d,2025-11-22T16:08:22Z,yt_w_twH-4ZVto,conversion,talk_watch
synthetic_9c0411670519,2025-12-31T02:20:10Z,yt_G5YeYcCFVfI,conversion,talk_watch
synthetic_e4ce0feff04d,2026-01-17T16:40:35Z,yt_auvVXaEm4LU,conversion,talk_watch
synthetic_af224ce4c231,2025-12-09T07:41:39Z,yt_WdfLV84-Q0o,conversion,talk_watch
synthetic_3e3e7353d458,2026-01-06T11:38:15Z,yt_Alh35sjeCQg,conversion,talk_watch
synthetic_99e6f2df7515,2025-12-31T23:40:17Z,yt_37X4Hbu0bSQ,conversion,talk_watch
synthetic_404750999187,2025-12-23T02:15:05Z,yt_JqYCt9rTG8g,conversion,talk_watch
synthetic_3d27fd3d31a4,2025-12-18T14:52:22Z,yt_7xJEFPlfy7Y,conversion,talk_watch
synthetic_1ab730fb8700,2025-12-12T11:43:31Z,yt_VSOY-D3uMGs,conversion,talk_watch
synthetic_167652fc9e98,2025-12-02T01:25:55Z,yt_VDtkm869Bfs,conversion,talk_watch
synthetic_00d61d63172f,2025-11-21T07:11:00Z,yt_o0vusZSRH6k,conversion,talk_watch
synthetic_c92b465eef43,2026-01-01T09:18:41Z,yt_jyLgZwDSrmU,conversion,talk_watch
synthetic_60c23e404f42,2025-12-17T12:49:56Z,yt_dQnolGPNdQ4,conversion,talk_watch
synthetic_e5b109ebe29e,2025-12-06T00:12:40Z,yt_e8iG-8OV1vU,conversion,talk_watch
synthetic_a015e5983e25,2025-12-04T05:49:12Z,yt_ifwyWHFeUf4,conversion,talk_watch
synthetic_903f59933a3c,2025-12-06T06:55:06Z,yt_2hl0dE7dKog,conversion,talk_watch
synthetic_834b77d65a7e,2026-01-08T06:43:17Z,yt_fCf3WTRh9c0,conversion,talk_watch
synthetic_1da11cc59d3c,2026-01-06T22:35:21Z,yt_Tyt8QP6YxtU,conversion,talk_watch
synthetic_23faeddb50be,2025-11-22T17:03:12Z,yt_CnlvlA5jnh0,conversion,talk_watch
synthetic_b40796a6d245,2025-12-16T14:56:44Z,yt_UhDkARpmBGU,conversion,talk_watch
synthetic_4977d9fd027c,2026-01-17T15:22:32Z,yt_dXsWh_lEybM,conversion,talk_watch
synthetic_0b5c6070d913,2026-01-03T14:40:28Z,yt_u9XvhJlnO3o,conversion,talk_watch
synthetic_32227fcff876,2025-11-29T21:57:20Z,yt_Tyt8QP6YxtU,conversion,talk_watch
synthetic_7713b3a860d2,2026-01-05T17:04:28Z,yt_QTQEzKQFjXg,conversion,talk_watch
synthetic_808702ebca74,2025-12-21T02:20:01Z,yt_mOLzSzpVwHU,conversion,talk_watch
synthetic_86a580127a5d,2025-12-29T15:49:01Z,yt_ZBlJSr6XkN8,conversion,talk_watch
synthetic_94e7a0aa792e,2026-01-15T14:52:31Z,yt__ndAlJzsd54,conversion,talk_watch
synthetic_666c18e5f14d,2025-12-03T21:43:49Z,yt_zIm6xIOLVkA,conversion,talk_watch
synthetic_1899ce9865b6,2025-11-26T13:14:23Z,yt_biskZHQRKdg,conversion,talk_watch
synthetic_17e92e7685a0,2025-11-20T05:33:44Z,yt_hYldeR2mPTs,conversion,talk_watch
synthetic_9d6d1d9dd94d,2025-12-14T23:15:35Z,yt_B6LA20wFuLc,conversion,talk_watch
synthetic_6b6a65b313e2,2025-12-28T07:19:29Z,yt_jyLgZwDSrmU,conversion,talk_watch
synthetic_dca6b8384ba0,2025-11-24T17:30:50Z,yt_jyLgZwDSrmU,conversion,talk_watch
synthetic_e8e4a5d162d2,2025-12-09T16:42:46Z,yt_9u5oUprNQYA,conversion,talk_watch
synthetic_271d177b4b4b,2026-01-07T08:14:33Z,yt_B_2E96URooA,conversion,talk_watch
synthetic_6ba59cb67378,2026-01-04T03:57:55Z,yt_XVaRRryB_cQ,conversion,talk_watch
synthetic_37cfd2674245,2026-01-06T18:17:58Z,yt_UhDkARpmBGU,conversion,talk_watch
synthetic_5c40b711ae7c,2025-11-23T09:03:06Z,yt_zoxsW0Psb0s,conversion,talk_watch
synthetic_e55d78b5724c,2025-12-31T17:02:52Z,yt_DVpe6y12zEc,conversion,talk_watch
synthetic_04bb19f38802,2025-12-18T15:25:14Z,yt_HTIltI0NuNg,conversion,talk_watch
synthetic_4b783126bd41,2025-12-21T19:29:11Z,yt_fT-VYGbCn6U,conversion,talk_watch
synthetic_2db4445ac102,2025-12-17T06:47:58Z,yt_5wkDXSP3mCc,conversion,talk_watch
synthetic_1291a1628629,2025-11-30T03:50:22Z,yt_WccP7yFpvqw,conversion,talk_watch
synthetic_2b358a796b7b,2025-12-22T14:04:47Z,yt_ci_QFtcXAWQ,conversion,talk_watch
synthetic_13a43fb752a3,2025-11-23T10:31:45Z,yt_1ScGXrYZKYg,conversion,talk_watch
synthetic_6fb405725449,2025-12-25T21:50:16Z,yt_0yltsB3Cbr4,conversion,talk_watch
synthetic_7cd5596bc99f,2025-12-18T14:19:36Z,yt_W7uDvZmytlg,conversion,talk_watch
synthetic_e22fc4cff1c8,2026-01-17T00:15:06Z,yt_u5xYfZUfhLE,conversion,talk_watch
synthetic_905818f55f0a,2026-01-04T20:57:36Z,yt_GXMDEeD9fug,conversion,talk_watch
synthetic_f14a5daac569,2025-12-17T22:36:27Z,yt__8r4c2zGjNI,conversion,talk_watch
synthetic_5d0927bfc141,2025-12-04T00:29:53Z,yt_5SOOlC-8dIY,conversion,talk_watch
synthetic_97c664174900,2025-12-19T05:24:31Z,yt_dQnolGPNdQ4,conversion,talk_watch
synthetic_a0894ec5c998,2026-01-10T13:21:04Z,yt_Gh79wcGJdTg,conversion,talk_watch
synthetic_ada2f33def53,2026-01-05T18:01:06Z,yt_EWhbARhTUKY,conversion,talk_watch
synthetic_516c32718444,2025-12-15T14:04:11Z,yt_0yltsB3Cbr4,conversion,talk_watch
synthetic_da5f2085fec5,2025-11-29T09:58:36Z,yt_-THd1Su3vxE,conversion,talk_watch
synthetic_addf8f2bd6de,2025-12-06T05:47:32Z,yt__NLCMGK8PSc,conversion,talk_watch
synthetic_c9c1b7ee2c60,2025-11-28T03:00:56Z,yt_tTaNK-qHp-Q,conversion,talk_watch
synthetic_6e1ed864b1b6,2025-11-21T19:46:32Z,yt_wY8wwcd_u2w,conversion,talk_watch
synthetic_b9e06627d2e9,2025-12-27T02:41:26Z,yt_fI6FaLphAWw,conversion,talk_watch
synthetic_eae35155e164,2025-12-02T08:26:59Z,yt_yTYaHr_K_q4,conversion,talk_watch
synthetic_bb7913897c04,2025-12-11T07:10:29Z,yt_192DsvHFT_s,conversion,talk_watch
synthetic_9c43792df172,2026-01-15T19:23:15Z,yt_Ct01J20Qk6A,conversion,talk_watch
synthetic_4afc1f662061,2025-12-17T01:32:26Z,yt_zuy2j8vxgYc,conversion,talk_watch
synthetic_75c95a9bfe91,2026-01-13T06:17:55Z,yt_g85Yxg9U5eU,conversion,talk_watch
synthetic_c9d0c166a35a,2025-11-28T12:55:26Z,yt_zuy2j8vxgYc,conversion,talk_watch
synthetic_937b13f09f7d,2026-01-02T17:40:55Z,yt_lTPo1R0LznY,conversion,talk_watch
synthetic_c21f8e3b5d34,2025-12-28T21:48:31Z,yt_FP5c8_U1G-w,conversion,talk_watch
synthetic_0237748b9b54,2025-12-29T07:49:26Z,yt_hbAr_hMNf2o,conversion,talk_watch
synthetic_dbc83f55bce8,2025-12-25T14:06:33Z,yt_TYQ7cJxacbk,conversion,talk_watch
synthetic_f694b84e3e71,2025-11-30T08:01:51Z,yt_8rrFDGa8y-w,conversion,talk_watch
synthetic_b02ed0d25f52,2025-12-09T14:29:57Z,yt_FP5c8_U1G-w,conversion,talk_watch
synthetic_42ba1e29b342,2025-12-14T13:09:20Z,yt_twMM9NQXRaI,conversion,talk_watch
synthetic_cc42d43602d3,2025-12-16T07:55:42Z,yt_fCf3WTRh9c0,conversion,talk_watch
synthetic_2ad377f45fe4,2026-01-13T21:20:06Z,yt_2Z2s4mRxT0A,conversion,talk_watch
synthetic_c0469ebc14f8,2026-01-13T16:29:43Z,yt_o7Jk6R9sEWE,conversion,talk_watch
synthetic_fd601e84493e,2025-12-09T19:04:34Z,yt_Dn3sjTmbE7M,conversion,talk_watch
synthetic_88d15f7bbfc7,2025-12-05T11:58:28Z,yt_ls_imbD7cbI,conversion,talk_watch
synthetic_08b10780004f,2025-11-20T08:44:37Z,yt_nUmolZkWQIg,conversion,talk_watch
synthetic_349eaca3c621,2025-12-22T00:45:27Z,yt_AdmYUHFPupE,conversion,talk_watch
synthetic_aa03a55399ca,2026-01-09T09:08:19Z,yt_-9GN057zm_U,conversion,talk_watch
synthetic_841e72e4e6f6,2025-12-08T12:38:57Z,yt_TWTDPilQ8q0,conversion,talk_watch
synthetic_ef62cffa1683,2025-12-07T13:22:26Z,yt_Gh79wcGJdTg,conversion,talk_watch
synthetic_0e70e53bef82,2025-12-31T08:40:02Z,yt_1NPgN91FrPU,conversion,talk_watch
synthetic_bf3a141cb019,2025-11-24T23:05:21Z,yt_t1QrcOOdz4M,conversion,talk_watch
synthetic_2e57d5738cd2,2026-01-04T01:08:12Z,yt_k7KWwNdXXQY,conversion,talk_watch
synthetic_1e7a5b7c7f51,2025-11-29T15:56:13Z,yt_Jad9uSMIS-I,conversion,talk_watch
synthetic_b9fc7b572398,2025-11-21T20:31:35Z,yt_CpOQZC9v-z8,conversion,talk_watch
synthetic_8841e2894220,2025-12-22T23:42:46Z,yt_06mDjue1kKg,conversion,talk_watch
synthetic_02984d647e2a,2026-01-01T12:18:21Z,yt_MSIdIQWKTwE,conversion,talk_watch
synthetic_2d71a6d2953f,2025-12-29T18:27:45Z,yt_P87C4jNakGs,conversion,talk_watch
synthetic_9bfc6894d6da,2025-11-20T13:49:51Z,yt_Tx4EVHJ8Fxs,conversion,talk_watch
synthetic_8020f9510300,2025-11-26T21:34:17Z,yt_ZHspxZYadLI,conversion,talk_watch
synthetic_d6b50fb4829b,2025-11-27T18:14:54Z,yt_v8rrNHF4JSw,conversion,talk_watch
synthetic_8891b1765c61,2026-01-01T13:45:39Z,yt_AUmpOVXFmOw,conversion,talk_watch
synthetic_03feec7c9e17,2026-01-13T10:29:12Z,yt_Nh99d3YnpI4,conversion,talk_watch
synthetic_6ab84bd10493,2026-01-07T19:47:51Z,yt_dXGer5Eaxic,conversion,talk_watch
synthetic_fc3f8434c90e,2025-12-03T04:55:22Z,yt_Nn_bv3qWkfc,conversion,talk_watch
synthetic_578cda47789e,2025-12-04T23:18:14Z,yt_lGBRWG6gK3E,conversion,talk_watch
synthetic_85716950ecc6,2026-01-01T11:30:33Z,yt_owoAlsA2mC8,conversion,talk_watch
synthetic_280c3cceaa1b,2025-11-29T05:43:32Z,yt_W1Lip_Qmtc8,conversion,talk_watch
synthetic_253318cb7852,2025-12-29T16:54:17Z,yt_u5xYfZUfhLE,conversion,talk_watch
synthetic_84814baea062,2026-01-01T10:34:04Z,yt_BkPDbFEMmbs,conversion,talk_watch
synthetic_a78e81093f8d,2025-11-24T18:29:20Z,yt_A-cW5XyCjFk,conversion,talk_watch
synthetic_ce0d07d82499,2025-12-08T15:34:22Z,yt_j24c2RmhBX0,conversion,talk_watch
synthetic_d5d78531832a,2025-12-29T16:18:51Z,yt_z4zXicOAF28,conversion,talk_watch
synthetic_d0b0b72927b2,2025-12-24T06:17:16Z,yt_7PYNmZhpT1A,conversion,talk_watch
synthetic_85e330c6355b,2025-11-23T04:39:38Z,yt_11srfAQkaBg,conversion,talk_watch
synthetic_fea6987a7c68,2025-12-30T21:42:56Z,yt_5RnqDtGtLPM,conversion,talk_watch
synthetic_8f9cc9373c79,2025-12-12T18:40:57Z,yt_GeHRZ2odNIM,conversion,talk_watch
synthetic_03df2f2daf13,2025-12-20T13:24:55Z,yt_qJx9a_h_Cy0,conversion,talk_watch
synthetic_c81587835b8e,2026-01-02T23:18:41Z,yt_Xi6bZ4tl-Qk,conversion,talk_watch
synthetic_0b272d842762,2025-11-24T03:36:21Z,yt_Gbc1SRQeCnI,conversion,talk_watch
synthetic_ace2fc1b4ed4,2026-01-12T15:45:31Z,yt_cXf31nFPo0U,conversion,talk_watch
synthetic_e0a3fed6137f,2026-01-09T20:46:00Z,yt_lJ198iRizNo,conversion,talk_watch
synthetic_ad60f51cc8d5,2026-01-01T06:08:49Z,yt_LZahLhuuxSQ,conversion,talk_watch
synthetic_ffc2b538775c,2025-12-25T04:38:42Z,yt_hHgPAft0pvE,conversion,talk_watch
synthetic_8be9220df14f,2026-01-18T15:19:30Z,yt_I_NX6O4pDOM,conversion,talk_watch
synthetic_8a46a488128f,2025-12-01T22:57:36Z,yt_7xJEFPlfy7Y,conversion,talk_watch
synthetic_be4092ae502f,2026-01-03T17:34:18Z,yt_dp1qq5UhegA,conversion,talk_watch
synthetic_074cba387567,2025-12-07T19:12:29Z,yt_fmkeXRfgXEs,conversion,talk_watch
synthetic_f6ec854ec8b6,2026-01-11T01:26:33Z,yt_rFopH_aiSdI,conversion,talk_watch
synthetic_94b70352970d,2026-01-01T22:01:29Z,yt_uZO9-Cgg2kE,conversion,talk_watch
synthetic_ab65f0c8c14c,2025-12-23T05:43:25Z,yt_Zv9b9cgPrJM,conversion,talk_watch
synthetic_fc92276d8a5a,2025-12-18T00:42:17Z,yt_ihgSwKq2OXY,conversion,talk_watch
synthetic_1dba4ad800aa,2026-01-17T13:23:18Z,yt_qJx9a_h_Cy0,conversion,talk_watch
synthetic_5b491b27a188,2025-11-26T13:35:12Z,yt_1auMChg1ULw,conversion,talk_watch
synthetic_d2e6078f0f4e,2025-11-30T10:25:35Z,yt_HLPj6DPkabc,conversion,talk_watch
synthetic_2645e8644f8c,2025-12-09T18:38:57Z,yt_2hl0dE7dKog,conversion,talk_watch
synthetic_dd69b73f53b7,2025-12-10T15:50:36Z,yt_yzrtV13RwDU,conversion,talk_watch
synthetic_04c508bd3bdf,2026-01-07T04:39:29Z,yt_Iedl20i5pbs,conversion,talk_watch
synthetic_258e2caf5af0,2026-01-13T06:23:05Z,yt_eUeUiIH8CeE,conversion,talk_watch
synthetic_6ac866a566c8,2025-12-20T13:24:31Z,yt_VDtkm869Bfs,conversion,talk_watch
synthetic_2034e3df7902,2026-01-03T09:55:19Z,yt_IG_rJioK3RM,conversion,talk_watch
synthetic_07e2975377a3,2025-12-23T08:26:36Z,yt_fmkeXRfgXEs,conversion,talk_watch
synthetic_b22a53b779b5,2025-12-06T15:32:27Z,yt_IjbTvHs-Sa4,conversion,talk_watch
synthetic_6c728a8a7aae,2025-11-24T20:17:06Z,yt_t1QrcOOdz4M,conversion,talk_watch
synthetic_91d17371905b,2025-12-22T22:48:23Z,yt_G8DxotKqgVA,conversion,talk_watch
synthetic_782e4d1b32cb,2025-12-29T07:46:54Z,yt_NyXcsy9QbQg,conversion,talk_watch
synthetic_6304148ef3a1,2025-11-21T23:21:39Z,yt_stytusEgxPg,conversion,talk_watch
synthetic_40f33c822a4b,2025-12-14T12:34:05Z,yt_d518JdL5Ha0,conversion,talk_watch
synthetic_b231b4be01c9,2025-11-25T09:28:03Z,yt_o7Jk6R9sEWE,conversion,talk_watch
synthetic_d3bc7e912f8f,2025-12-19T20:07:26Z,yt_bHeVE93lkzQ,conversion,talk_watch
synthetic_f205840a8a31,2026-01-01T23:15:05Z,yt_g4V-F60LZ4Y,conversion,talk_watch
synthetic_ab8c1d27c763,2025-11-26T09:03:28Z,yt_oHHox3lcFBk,conversion,talk_watch
synthetic_3c462661df5d,2025-12-02T22:48:45Z,yt_JqYCt9rTG8g,conversion,talk_watch
synthetic_95014ad09e21,2025-12-11T03:47:46Z,yt__mA4mvYpU68,conversion,talk_watch
synthetic_82aae768b6f9,2025-12-28T14:07:14Z,yt_li5bHEqmVlc,conversion,talk_watch
synthetic_d0c14bc9c39c,2026-01-12T00:46:56Z,yt_d2Suu-9d4WA,conversion,talk_watch
synthetic_2b607b2304fd,2025-12-21T20:52:54Z,yt_A-cW5XyCjFk,conversion,talk_watch
synthetic_e9e41f6cfb7a,2025-12-17T06:24:05Z,yt_ihgSwKq2OXY,conversion,talk_watch
synthetic_118385690b88,2026-01-16T00:13:25Z,yt_QT6iuJlVuG4,conversion,talk_watch
synthetic_7ae1ebed3f80,2025-11-30T06:33:46Z,yt_zIm6xIOLVkA,conversion,talk_watch
synthetic_40669548c8b2,2025-12-07T01:08:24Z,yt_ISoRfSYRGG0,conversion,talk_watch
synthetic_c102a6245536,2025-12-14T20:37:54Z,yt_1tnQLkcToIQ,conversion,talk_watch
synthetic_d8f181153b52,2025-12-15T15:41:38Z,yt_192DsvHFT_s,conversion,talk_watch
synthetic_b63f1bb1e1ab,2026-01-03T07:11:30Z,yt_JqYCt9rTG8g,conversion,talk_watch
synthetic_784882405444,2025-12-25T10:11:53Z,yt_mCmrrH_WDTs,conversion,talk_watch
synthetic_c5315bded13b,2025-12-10T17:36:31Z,yt_mCmrrH_WDTs,conversion,talk_watch
synthetic_f4471e27944b,2025-12-22T08:22:39Z,yt_E91NKvcDZQg,conversion,talk_watch
synthetic_85f4b85f64bc,2025-11-29T14:03:40Z,yt_AUmpOVXFmOw,conversion,talk_watch
synthetic_48e0dc135f3a,2026-01-08T08:58:28Z,yt_AMZXTFmBFC4,conversion,talk_watch
synthetic_2f7d5c5eeca5,2026-01-07T03:12:10Z,yt_0rKV-aghHuc,conversion,talk_watch
synthetic_ceac4609af13,2025-12-25T22:27:36Z,yt_1Jbmtdjxhjs,conversion,talk_watch
synthetic_8ffef8398b89,2026-01-16T09:44:52Z,yt_zi0X30n5QQI,conversion,talk_watch
synthetic_bcd0b38d9958,2025-12-16T19:46:10Z,yt_Y0K5UUJyN10,conversion,talk_watch
synthetic_21aa3d367689,2025-11-19T21:20:43Z,yt_WccP7yFpvqw,conversion,talk_watch
synthetic_f93d8b2a2a12,2025-12-05T14:52:28Z,yt_ekqVGACuMww,conversion,talk_watch
synthetic_17d823b872c4,2025-11-20T01:21:53Z,yt_fI6FaLphAWw,conversion,talk_watch
synthetic_ba04640edf33,2026-01-03T23:00:01Z,yt_xZWJn9PcI_g,conversion,talk_watch
synthetic_d05e2d1316d8,2025-12-24T00:54:27Z,yt_q1aNVIq3K7c,conversion,talk_watch
synthetic_a73a1e5fd4bc,2025-12-10T04:56:38Z,yt_EkDEgHs6xEM,conversion,talk_watch
synthetic_d0c33fd6dbed,2025-12-20T10:36:33Z,yt_9Bzj3ItW1qw,conversion,talk_watch
synthetic_73f2a5a14798,2026-01-17T10:51:23Z,yt_bFQeCEcg4tU,conversion,talk_watch
synthetic_978271f8ef1c,2025-12-24T20:29:50Z,yt_oHHox3lcFBk,conversion,talk_watch
synthetic_8399d42d2740,2025-11-23T15:50:23Z,yt_GjDwj7RWOgs,conversion,talk_watch
synthetic_1ce29dcbcff8,2025-12-13T00:34:33Z,yt_YhuhLdwxA2k,conversion,talk_watch
synthetic_79c43ec436a3,2026-01-11T15:04:57Z,yt_ulzjbGIYkJg,conversion,talk_watch
synthetic_e00199c0bc37,2025-11-19T21:13:06Z,yt_fm4CqlxqQfs,conversion,talk_watch
synthetic_06422a8ae685,2025-12-16T10:43:07Z,yt_kImEd6Lrf3U,conversion,talk_watch
synthetic_5ee3a5b77cae,2025-12-29T06:09:15Z,yt_tnaVbmhOZBU,conversion,talk_watch
synthetic_eaf6d721f534,2026-01-17T11:30:12Z,yt_JIGKg7PGv68,conversion,talk_watch
synthetic_5bdc13a6b08d,2025-12-27T23:41:53Z,yt_yRfF2h8Tx1c,conversion,talk_watch
synthetic_294e58beb61a,2025-12-23T07:25:24Z,yt_vDts6rloS3I,conversion,talk_watch
synthetic_9fc328221536,2025-12-17T23:50:57Z,yt_-d6q4yb57F8,conversion,talk_watch
synthetic_3a082dce2530,2025-12-18T15:30:40Z,yt_EWhbARhTUKY,conversion,talk_watch
synthetic_7d00e020109a,2025-11-25T00:47:05Z,yt_5wkDXSP3mCc,conversion,talk_watch
synthetic_242a4f5f2871,2025-12-27T18:18:53Z,yt_wzJdj1YoCSo,conversion,talk_watch
synthetic_e1c3a141668f,2025-12-07T07:51:05Z,yt_FBV7wahXjTI,conversion,talk_watch
synthetic_5c6b69a47bdf,2025-12-05T15:09:08Z,yt_ZpMbm1JY20w,conversion,talk_watch
synthetic_c9ca6231ffbd,2025-12-22T14:53:04Z,yt_a2x9pkIKhRc,conversion,talk_watch
synthetic_7bdcc3e8b9a7,2025-12-04T00:40:43Z,yt_lJ198iRizNo,conversion,talk_watch
synthetic_bde8f13029e6,2026-01-17T03:09:35Z,yt_6kY2YHKwhZ8,conversion,talk_watch
synthetic_69788615d6c8,2025-12-06T12:16:22Z,yt_d2Suu-9d4WA,conversion,talk_watch
synthetic_232ea7a06b0b,2025-12-31T01:57:10Z,yt_ls_imbD7cbI,conversion,talk_watch
synthetic_c93ef436ec86,2025-12-20T23:02:46Z,yt_VU6OzuHuWQo,conversion,talk_watch
synthetic_f77516687c1b,2025-11-26T17:08:09Z,yt_aNepKdd_bHA,conversion,talk_watch
synthetic_e8bd52ada00c,2025-11-26T20:30:12Z,yt_VDtkm869Bfs,conversion,talk_watch
synthetic_eb27f9907f6c,2025-12-20T04:32:29Z,yt_1mPxNc3cNZE,conversion,talk_watch
synthetic_98599fdf3947,2025-12-09T08:18:35Z,yt_l7OQdrUkoVI,conversion,talk_watch
synthetic_abea75b01c1e,2026-01-15T15:15:20Z,yt_N7QeQvHXrh0,conversion,talk_watch
synthetic_99a2430a34dc,2026-01-06T17:19:07Z,yt_JbZJg5aLKzU,conversion,talk_watch
synthetic_b4c24547fd09,2025-12-08T04:40:53Z,yt_phGOVrktozA,conversion,talk_watch
synthetic_7992c4af1982,2025-12-28T06:38:51Z,yt_vjqhGJMFhFI,conversion,talk_watch
synthetic_08d48e5538e7,2025-12-07T12:39:11Z,yt_6kY2YHKwhZ8,conversion,talk_watch
synthetic_78d9f3deed01,2025-12-14T08:51:28Z,yt_AsTAAq5jKSo,conversion,talk_watch
synthetic_d67fca2006a5,2025-12-24T03:58:29Z,yt_cYoNDoa4_jE,conversion,talk_watch
synthetic_eb00e0e494fe,2025-12-12T07:15:53Z,yt_bEy2QMKrcWg,conversion,talk_watch
synthetic_b5964c0fbd38,2025-12-15T02:38:00Z,yt_FLNN6bczTRk,conversion,talk_watch
synthetic_d92c38d6afb3,2025-12-01T02:21:11Z,yt_tJAPaW5GoxU,conversion,talk_watch
synthetic_4814fcd81410,2025-12-29T21:47:58Z,yt_2_Genyj6Ti8,conversion,talk_watch
synthetic_8f6061d0fb82,2025-12-05T21:12:26Z,yt_hOspzVbuPfc,conversion,talk_watch
synthetic_c47b59db90c3,2026-01-01T20:39:28Z,yt_lTPo1R0LznY,conversion,talk_watch
synthetic_52a7b7aec049,2025-12-14T17:54:50Z,yt_q9xj0jQNrnw,conversion,talk_watch
synthetic_8fb9e526a408,2025-11-28T14:56:29Z,yt_8rrFDGa8y-w,conversion,talk_watch
synthetic_1a49df4efdba,2026-01-03T21:48:47Z,yt_29Vz5wkoUR8,conversion,talk_watch
synthetic_87ea387b3938,2025-12-23T17:11:41Z,yt_li5bHEqmVlc,conversion,talk_watch
synthetic_22afa7dac311,2026-01-14T05:32:10Z,yt_Nh99d3YnpI4,conversion,talk_watch
synthetic_66116fae26a0,2025-12-05T16:40:35Z,yt_X25G6ZBzKuM,conversion,talk_watch
synthetic_526a58ac80ce,2025-11-26T21:37:55Z,yt_4S5m5Jhneds,conversion,talk_watch
synthetic_ff439f07045e,2025-12-17T16:31:40Z,yt_7PYNmZhpT1A,conversion,talk_watch
synthetic_ac9814de3b20,2025-12-16T07:26:43Z,yt_YhuhLdwxA2k,conversion,talk_watch
synthetic_8d922132d122,2026-01-08T19:59:48Z,yt_L-DPGKQipdk,conversion,talk_watch
synthetic_08acbb192b1f,2025-12-23T18:28:07Z,yt_BoYrwahPvXc,conversion,talk_watch
synthetic_4eebc1c9ab95,2026-01-14T10:53:18Z,yt__-HLHcbTRt4,conversion,talk_watch
synthetic_107511921a13,2026-01-14T20:08:47Z,yt__yeEt0fVr5g,conversion,talk_watch
synthetic_b420ef996728,2025-11-21T14:25:45Z,yt_2iPvhaM1HSQ,conversion,talk_watch
synthetic_e574b1fa0ed9,2025-12-26T13:05:26Z,yt_owoAlsA2mC8,conversion,talk_watch
synthetic_954453cc4a0f,2026-01-13T15:30:48Z,yt_Zv9b9cgPrJM,conversion,talk_watch
synthetic_38c4e605eb18,2026-01-14T17:16:03Z,yt_ci_QFtcXAWQ,conversion,talk_watch
synthetic_3bb2719f8512,2026-01-11T00:19:22Z,yt_FL_K_jROlrw,conversion,talk_watch
synthetic_9ac678d137ae,2026-01-08T21:55:29Z,yt_XHEY23VbviE,conversion,talk_watch
synthetic_8d402115803a,2025-12-15T16:53:59Z,yt_-d6q4yb57F8,conversion,talk_watch
synthetic_03f29d000777,2025-11-25T07:11:15Z,yt_zoxsW0Psb0s,conversion,talk_watch
synthetic_a6e376255dd8,2025-12-16T19:22:03Z,yt_FRDKFirhsK0,conversion,talk_watch
synthetic_9016ae7d8c85,2026-01-02T07:51:16Z,yt_dc-xC_AYt68,conversion,talk_watch
synthetic_f11f8122534c,2025-11-20T11:18:48Z,yt_qyh9odXW-jM,conversion,talk_watch
synthetic_823db4bfa0e8,2025-12-30T13:49:49Z,yt_hnkSbA4ZDGQ,conversion,talk_watch
synthetic_a4588e381858,2025-11-23T06:07:27Z,yt_m1hM9qsNAHY,conversion,talk_watch
synthetic_6eaf9fa75ee0,2025-12-01T00:00:16Z,yt_ihgSwKq2OXY,conversion,talk_watch
synthetic_df439bad4fc8,2025-12-01T23:19:49Z,yt_rsLIC-CY7T0,conversion,talk_watch
synthetic_11a8759a18de,2025-11-26T02:41:11Z,yt_IvsfaF4FBRs,conversion,talk_watch
synthetic_a33d4fba5dcf,2026-01-05T15:47:22Z,yt_twMM9NQXRaI,conversion,talk_watch
synthetic_12f36fb59a0c,2026-01-07T02:28:18Z,yt_Azb4vGo-rv0,conversion,talk_watch
synthetic_5bbdf06c5eb8,2025-11-25T00:24:55Z,yt_9YjlJN4pRh0,conversion,talk_watch
synthetic_b72a6e172a20,2025-12-03T18:31:58Z,yt_JqYCt9rTG8g,conversion,talk_watch
synthetic_5056bc9bc808,2025-11-25T04:51:41Z,yt_CymatNEMveo,conversion,talk_watch
synthetic_5e1d25f23248,2026-01-12T15:18:30Z,yt_11srfAQkaBg,conversion,talk_watch
synthetic_34ff77f7a980,2025-12-23T23:51:22Z,yt_vjqhGJMFhFI,conversion,talk_watch
synthetic_303c2d2cf0f9,2025-11-30T03:14:22Z,yt_en-qZm518oc,conversion,talk_watch
synthetic_4738b381b25d,2026-01-13T18:20:20Z,yt_3RIxy9YE-Yk,conversion,talk_watch
synthetic_3f61d854b158,2025-12-23T04:58:06Z,yt_i4JTv6ol7U4,conversion,talk_watch
synthetic_eb107d8fcf29,2025-11-26T04:52:48Z,yt_biskZHQRKdg,conversion,talk_watch
synthetic_a3085626fc10,2025-12-06T13:07:35Z,yt_GjDwj7RWOgs,conversion,talk_watch
synthetic_50cd51b85851,2025-12-11T12:55:09Z,yt_sRokOPWC34o,conversion,talk_watch
synthetic_f761e039d680,2025-12-30T18:07:23Z,yt_w_twH-4ZVto,conversion,talk_watch
synthetic_24ab4abe6b82,2026-01-06T23:36:33Z,yt_S1XWr1kpW84,conversion,talk_watch
synthetic_9d517cd96d28,2025-12-03T02:24:39Z,yt_ZBlJSr6XkN8,conversion,talk_watch
synthetic_2fc5bdee0f5c,2025-12-10T17:56:22Z,yt_ujn06J5eFvc,conversion,talk_watch
synthetic_62eeea7aa2b6,2025-12-24T16:08:06Z,yt_fm4CqlxqQfs,conversion,talk_watch
synthetic_8c8214286aab,2025-11-25T14:48:59Z,yt_NNpsENqzuy0,conversion,talk_watch
synthetic_57618afe1565,2025-12-21T08:18:41Z,yt_WKJ23yY87iA,conversion,talk_watch
synthetic_a14d9c564dbd,2025-12-21T17:02:01Z,yt_B1DLHKRTBOY,conversion,talk_watch
synthetic_4944d530d4a3,2025-12-12T16:37:54Z,yt_p-ceha9iBEs,conversion,talk_watch
synthetic_125969590cd4,2025-12-20T19:53:47Z,yt_4PKE4-9W8kg,conversion,talk_watch
synthetic_274dd3a2700f,2025-12-29T15:08:59Z,yt_phGOVrktozA,conversion,talk_watch
synthetic_07a9d0a5c0d3,2025-12-05T07:50:16Z,yt_Iob04azQ70o,conversion,talk_watch
synthetic_1a6c8739639c,2025-12-13T19:47:27Z,yt_bEy2QMKrcWg,conversion,talk_watch
synthetic_dcc786fc1bf4,2025-12-18T01:37:02Z,yt_eVyO52qxeJk,conversion,talk_watch
synthetic_3c93682a41c7,2026-01-06T04:09:48Z,yt_i4SsVIB_VkQ,conversion,talk_watch
synthetic_3a4da2494e2b,2025-11-21T17:23:42Z,yt_q1aNVIq3K7c,conversion,talk_watch
synthetic_8c64cc06e44e,2026-01-16T19:42:49Z,yt_Gh79wcGJdTg,conversion,talk_watch
synthetic_0c804b553695,2026-01-03T20:07:29Z,yt_cQvtT2vRhok,conversion,talk_watch
synthetic_ef27870d4523,2025-12-25T17:15:26Z,yt_WxR_jSQCHZ8,conversion,talk_watch
synthetic_f9e6e39690bd,2025-12-04T11:14:33Z,yt_e8iG-8OV1vU,conversion,talk_watch
synthetic_3169f30897d0,2025-12-31T09:49:09Z,yt_vBDkhEA-Lfs,conversion,talk_watch
synthetic_2ceeb65d3abb,2025-12-15T07:29:57Z,yt_1mPxNc3cNZE,conversion,talk_watch
synthetic_6320010a9b21,2025-12-27T14:18:38Z,yt_I_UaaqJrxT8,conversion,talk_watch
synthetic_f3c20121da8a,2026-01-06T05:01:09Z,yt_Alh35sjeCQg,conversion,talk_watch
synthetic_b3652ebeb7e8,2025-11-27T23:50:28Z,yt_bA1dBaIn3hw,conversion,talk_watch
synthetic_bfb9699646af,2025-12-02T12:22:53Z,yt_sRokOPWC34o,conversion,talk_watch
synthetic_3ec74feaf3f8,2026-01-13T16:48:17Z,yt_Zi--DKgrLMQ,conversion,talk_watch
synthetic_b4fdc751ec16,2026-01-08T20:09:51Z,yt_NYiDLTOrcoE,conversion,talk_watch
synthetic_4f7db3d0d5e2,2026-01-13T21:30:57Z,yt_DVpe6y12zEc,conversion,talk_watch
synthetic_447ac7212f32,2025-12-25T11:33:45Z,yt_vDts6rloS3I,conversion,talk_watch
synthetic_4c2b53d289ff,2025-12-12T16:49:01Z,yt_-d6q4yb57F8,conversion,talk_watch
synthetic_c6995245d9b8,2025-12-16T00:09:47Z,yt_2X698yueu7I,conversion,talk_watch
synthetic_c023bafd8fcb,2025-11-28T07:12:55Z,yt_z4zXicOAF28,conversion,talk_watch
synthetic_93d3955c58f7,2025-12-04T23:49:40Z,yt_HTIltI0NuNg,conversion,talk_watch
synthetic_65c56888fdea,2025-11-24T03:26:25Z,yt_twMM9NQXRaI,conversion,talk_watch
synthetic_4ed373589ab8,2025-12-19T08:42:18Z,yt_OWfxexSE2aM,conversion,talk_watch
synthetic_e483cff1dcff,2025-12-28T15:22:18Z,yt_vjqhGJMFhFI,conversion,talk_watch
synthetic_c9fb180d5eba,2026-01-15T11:38:09Z,yt_JbZJg5aLKzU,conversion,talk_watch
synthetic_7c4f02101066,2025-11-30T08:24:06Z,yt_jXcYiiJ-BBg,conversion,talk_watch
synthetic_f88ffe1fcc61,2025-12-26T19:40:17Z,yt_en-qZm518oc,conversion,talk_watch
synthetic_44b99f886400,2025-11-20T15:16:39Z,yt_G1hhmz6mXT0,conversion,talk_watch
synthetic_d3a95ebf424c,2025-12-20T08:14:52Z,yt_7xJEFPlfy7Y,conversion,talk_watch
synthetic_29483b9441f8,2025-12-13T10:06:56Z,yt_rFHOO-ixWp0,conversion,talk_watch
synthetic_db13e5a6c52e,2025-12-31T03:21:10Z,yt_7QBh1YVoaj8,conversion,talk_watch
synthetic_2dd10bc1fd20,2025-12-26T20:39:43Z,yt_vDts6rloS3I,conversion,talk_watch
synthetic_2810d053aa1f,2025-12-07T13:01:40Z,yt_uEqEl4MI1YI,conversion,talk_watch
synthetic_bfbf151d7887,2025-12-04T14:36:34Z,yt_0y_ts8oh36o,conversion,talk_watch
synthetic_5b75b7a8dee6,2026-01-15T10:47:52Z,yt_hnkSbA4ZDGQ,conversion,talk_watch
synthetic_198abcd2ad5d,2025-11-21T23:35:39Z,yt_jF4LTXHAFAk,conversion,talk_watch
synthetic_c2b14327fa52,2026-01-02T17:54:14Z,yt_5wkDXSP3mCc,conversion,talk_watch
synthetic_87a6361e8563,2025-12-25T00:44:01Z,yt_1ScGXrYZKYg,conversion,talk_watch
synthetic_8024423e786b,2025-12-08T04:05:54Z,yt_Gh79wcGJdTg,conversion,talk_watch
synthetic_2725b8f5db06,2026-01-04T02:43:56Z,yt_KU_3UrVzXkQ,conversion,talk_watch
synthetic_7de09cf88a09,2025-12-10T09:12:56Z,yt_tTaNK-qHp-Q,conversion,talk_watch
synthetic_5973dc6f418e,2025-12-27T21:48:48Z,yt_dKk8zmvmuPI,conversion,talk_watch
synthetic_1ca058c0d72a,2025-11-26T06:09:19Z,yt_B1DLHKRTBOY,conversion,talk_watch
synthetic_9f219e5b0fd9,2026-01-09T16:10:40Z,yt_zkAwQ_PIniY,conversion,talk_watch
synthetic_1f8bbbc4aa82,2025-12-20T07:48:07Z,yt_IG_rJioK3RM,conversion,talk_watch
synthetic_b59cc377d3f5,2025-12-25T15:19:38Z,yt_1MXjpFt8aqA,conversion,talk_watch
synthetic_bab41695a8ee,2025-12-12T12:24:11Z,yt_Tx4EVHJ8Fxs,conversion,talk_watch
synthetic_f436ee672761,2025-12-24T12:46:37Z,yt_cXf31nFPo0U,conversion,talk_watch
synthetic_ebe3376b2dfc,2025-12-03T06:13:36Z,yt_syA3xxKfB4s,conversion,talk_watch
synthetic_226e02e70092,2025-11-19T18:14:08Z,yt_rFHOO-ixWp0,conversion,talk_watch
synthetic_803e01cdcd52,2026-01-13T13:49:38Z,yt_zi0X30n5QQI,conversion,talk_watch
synthetic_04b1df947917,2025-12-05T22:12:45Z,yt_e8iG-8OV1vU,conversion,talk_watch
synthetic_82ed330d4769,2025-11-21T10:35:09Z,yt_BQIJo2Lahb4,conversion,talk_watch
synthetic_9c8794c37a2f,2026-01-03T00:18:15Z,yt_iJorqhU6iYQ,conversion,talk_watch
synthetic_2ec8f12be001,2025-11-22T05:21:29Z,yt_ci_QFtcXAWQ,conversion,talk_watch
synthetic_b146bc612fd4,2025-12-02T13:34:23Z,yt_jMeq9xrre4s,conversion,talk_watch
synthetic_5a0483eaca37,2025-12-30T12:43:12Z,yt_qd3x5MCUrhw,conversion,talk_watch
synthetic_4d65a77a0115,2025-12-16T01:15:24Z,yt_hbAr_hMNf2o,conversion,talk_watch
synthetic_134970e370fc,2025-12-16T11:36:47Z,yt_qyh9odXW-jM,conversion,talk_watch
synthetic_5bb4a1a79a66,2026-01-03T19:14:35Z,yt_Jad9uSMIS-I,conversion,talk_watch
synthetic_69a6ff0f517c,2025-12-05T00:45:00Z,yt_dwqFlDNLgyA,conversion,talk_watch
synthetic_3d82719e4341,2026-01-13T09:08:23Z,yt_UxAvHERKzNM,conversion,talk_watch
synthetic_cb01d089f0a1,2025-12-21T05:52:46Z,yt_29Vz5wkoUR8,conversion,talk_watch
synthetic_ec046d9ff7a7,2026-01-10T20:49:37Z,yt_WsbUzGailCw,conversion,talk_watch
synthetic_9375b989bda7,2025-12-30T14:33:41Z,yt_qrBsNP1WUDM,conversion,talk_watch
synthetic_f0c613abc534,2025-12-23T11:00:42Z,yt_tnaVbmhOZBU,conversion,talk_watch
synthetic_6b71935feb66,2026-01-01T09:19:41Z,yt_tJAPaW5GoxU,conversion,talk_watch
synthetic_274a094f52e7,2025-11-25T11:14:21Z,yt_-THd1Su3vxE,conversion,talk_watch
synthetic_99cd1aa18576,2025-12-16T19:40:54Z,yt_g6l7gbrmObo,conversion,talk_watch
synthetic_f90d370c914e,2026-01-03T04:00:15Z,yt_XVaRRryB_cQ,conversion,talk_watch
synthetic_bc02cf41a673,2025-11-26T03:20:31Z,yt_gdI_Qq-fLHw,conversion,talk_watch
synthetic_43eb91bb1429,2025-12-24T15:15:34Z,yt_X6Ajx6n2Zjo,conversion,talk_watch
synthetic_7450e1d290fd,2025-11-28T07:23:58Z,yt_0T517YL84bU,conversion,talk_watch
synthetic_4d1e5b38109e,2026-01-10T18:12:37Z,yt_WVU4fDV2Xi0,conversion,talk_watch
synthetic_ac87ccde1f7f,2026-01-13T00:44:47Z,yt_5RnqDtGtLPM,conversion,talk_watch
synthetic_94d82be44b29,2025-12-30T07:38:41Z,yt_ISoRfSYRGG0,conversion,talk_watch
synthetic_8b6ab265a097,2026-01-18T09:44:37Z,yt_evgkD1Swyq4,conversion,talk_watch
synthetic_41f4d60aec72,2025-12-19T14:30:24Z,yt_IA_Kg8Q19bU,conversion,talk_watch
synthetic_97eaf5f975d2,2025-11-25T22:27:43Z,yt_gM2J5plaDmw,conversion,talk_watch
synthetic_92d1c0d69292,2025-12-24T11:27:38Z,yt_LaNPG2bzehc,conversion,talk_watch
synthetic_c1542ce2ffa3,2026-01-09T22:07:33Z,yt_P87C4jNakGs,conversion,talk_watch
synthetic_1979f49077b5,2025-12-03T06:26:14Z,yt_nUmolZkWQIg,conversion,talk_watch
synthetic_41fd4e0115a7,2025-12-22T20:29:20Z,yt_Dn3sjTmbE7M,conversion,talk_watch
synthetic_355f1422acb5,2025-12-07T12:29:49Z,yt_hObN1mlLdCE,conversion,talk_watch
synthetic_681c44e93768,2025-12-02T06:27:29Z,yt_fI6FaLphAWw,conversion,talk_watch
synthetic_28535e26558d,2025-11-20T08:30:04Z,yt_ReEhicJ4kog,conversion,talk_watch
synthetic_6c93a28dc96e,2025-11-20T08:37:08Z,yt_zIm6xIOLVkA,conversion,talk_watch
synthetic_7ff36b781f09,2025-12-17T16:44:21Z,yt_sRokOPWC34o,conversion,talk_watch
synthetic_2b763fbfd1e9,2026-01-11T23:52:27Z,yt_qNTPYRLIBwc,conversion,talk_watch
synthetic_29a78938624c,2026-01-15T17:24:46Z,yt_Gbc1SRQeCnI,conversion,talk_watch
synthetic_16a72a2a163a,2026-01-12T19:56:32Z,yt_6kY2YHKwhZ8,conversion,talk_watch
synthetic_7c6cc2921681,2026-01-06T13:13:56Z,yt_m8OXI1whHgQ,conversion,talk_watch
synthetic_a3da6a195c91,2026-01-12T20:28:30Z,yt_EWhbARhTUKY,conversion,talk_watch
synthetic_18dc199b52ba,2025-12-08T02:51:36Z,yt_nZMGeN-HcYw,conversion,talk_watch
synthetic_15bbc6dde557,2026-01-15T09:03:08Z,yt_ArHN3gGBtak,conversion,talk_watch
synthetic_02eaecc5236b,2025-12-24T08:27:11Z,yt_XrizElaWAaU,conversion,talk_watch
synthetic_deca9457f45a,2025-11-27T09:56:36Z,yt_eUeUiIH8CeE,conversion,talk_watch
synthetic_eeb374fed94a,2025-11-28T21:47:43Z,yt_KYdlqhb267c,conversion,talk_watch
synthetic_52f8a9bc75e7,2025-11-30T10:59:41Z,yt__NLCMGK8PSc,conversion,talk_watch
synthetic_0fc82f442dad,2025-12-26T15:34:31Z,yt_dzBiPx-fpR0,conversion,talk_watch
synthetic_03467493f84b,2025-11-30T16:56:41Z,yt_mOLzSzpVwHU,conversion,talk_watch
synthetic_7ee54620d34e,2025-11-25T15:43:41Z,yt_fCf3WTRh9c0,conversion,talk_watch
synthetic_2fd6f50f4b39,2025-12-28T00:57:23Z,yt_UbhQdScb6xA,conversion,talk_watch
synthetic_1f785f2e99f7,2026-01-09T04:14:40Z,yt_LzNa-_jNAVk,conversion,talk_watch
synthetic_4f6d578e13d2,2025-12-25T12:15:21Z,yt_jXcYiiJ-BBg,conversion,talk_watch
synthetic_4f38195d8d49,2025-12-22T05:16:41Z,yt_W7uDvZmytlg,conversion,talk_watch
synthetic_d0fcaee8f48b,2026-01-16T07:28:26Z,yt_1tnQLkcToIQ,conversion,talk_watch
synthetic_95856d470ce1,2025-12-09T11:35:11Z,yt_37X4Hbu0bSQ,conversion,talk_watch
synthetic_407f04c9933d,2025-12-13T00:52:50Z,yt_t1QrcOOdz4M,conversion,talk_watch
synthetic_cde441a8a8c1,2025-12-18T16:13:48Z,yt_TM3NKK5A7UE,conversion,talk_watch
synthetic_23659d9fbc57,2025-11-20T08:54:28Z,yt_GeblxEQIPFM,conversion,talk_watch
synthetic_35e3a070d063,2025-12-05T06:34:19Z,yt_xqNNOuMeKCk,conversion,talk_watch
synthetic_1b736459b198,2025-12-31T18:27:56Z,yt_pi6MPv7ETlM,conversion,talk_watch
synthetic_80b2d8f8d77a,2025-12-12T22:53:50Z,yt_Yw5r5AmZBDo,conversion,talk_watch
synthetic_9e4469e6c70e,2025-12-26T22:32:32Z,yt_OWfxexSE2aM,conversion,talk_watch
synthetic_dc2497a861ea,2026-01-15T13:46:40Z,yt_vjqhGJMFhFI,conversion,talk_watch
synthetic_81ccc9aa0112,2025-12-14T10:44:52Z,yt_cQvtT2vRhok,conversion,talk_watch
synthetic_4bc4f51c23ac,2026-01-14T19:50:43Z,yt_8AHepQ_qt6g,conversion,talk_watch
synthetic_69b27a2975db,2025-12-04T11:42:50Z,yt_GwYI3I_xaO8,conversion,talk_watch
synthetic_a08482d59c92,2025-11-24T21:23:52Z,yt_IqdvgzV_nms,conversion,talk_watch
synthetic_9f1e0ad46333,2025-12-03T01:19:00Z,yt_6w7w2BakKI4,conversion,talk_watch
synthetic_9f724738ba38,2025-12-10T19:42:41Z,yt_lNVX0uTz9PI,conversion,talk_watch
synthetic_e44ff7c9aae0,2026-01-15T13:35:57Z,yt_ipjXJVTom7o,conversion,talk_watch
synthetic_63c82ac15b6c,2026-01-09T07:35:39Z,yt_1RQP0MM3tAA,conversion,talk_watch
synthetic_35390dc02824,2025-11-23T10:54:20Z,yt__NLCMGK8PSc,conversion,talk_watch
synthetic_0bfdf1193227,2025-12-25T16:23:06Z,yt_ujn06J5eFvc,conversion,talk_watch
synthetic_5e09683706fe,2025-12-20T16:26:55Z,yt_GoQiqPNjvkQ,conversion,talk_watch
synthetic_fb3bc0bf8330,2026-01-04T11:17:10Z,yt_EBZNr4pl6F0,conversion,talk_watch
synthetic_99e12b1b11e4,2025-11-24T11:59:23Z,yt_t6f9KvW0J2M,conversion,talk_watch
synthetic_94317940d0d2,2025-12-07T01:33:32Z,yt_WdfLV84-Q0o,conversion,talk_watch
synthetic_f564842bf26c,2025-12-01T06:47:51Z,yt_z4zXicOAF28,conversion,talk_watch
synthetic_276760dd4b26,2025-11-30T22:01:04Z,yt_Tyt8QP6YxtU,conversion,talk_watch
synthetic_87d12e7f5b78,2025-12-01T00:17:48Z,yt_IG_rJioK3RM,conversion,talk_watch
synthetic_cbe5f4da2672,2025-12-22T01:30:23Z,yt_8rrFDGa8y-w,conversion,talk_watch
synthetic_1c0abc04ff51,2026-01-16T00:33:18Z,yt_HLPj6DPkabc,conversion,talk_watch
synthetic_5ee72a9ebd3e,2025-12-29T15:54:44Z,yt_60jmNZkTFvY,conversion,talk_watch
synthetic_08827ba23052,2026-01-06T03:08:18Z,yt_nUmolZkWQIg,conversion,talk_watch
synthetic_6b50350814b6,2026-01-06T01:11:59Z,yt_dp1qq5UhegA,conversion,talk_watch
synthetic_bbfa3b99d977,2026-01-13T03:24:02Z,yt_z4zXicOAF28,conversion,talk_watch
synthetic_57112213271c,2025-12-11T18:34:55Z,yt_uVgxJpSvp-I,conversion,talk_watch
synthetic_3b7eca729b79,2025-12-23T01:10:30Z,yt_s9nFLWzt4c0,conversion,talk_watch
synthetic_866d3d4aea85,2025-11-29T15:57:25Z,yt_odwDhZFcmpk,conversion,talk_watch
synthetic_a88c6042a5fd,2025-12-18T00:33:59Z,yt_mCmrrH_WDTs,conversion,talk_watch
synthetic_82364f6334d2,2026-01-17T01:31:08Z,yt_t1QrcOOdz4M,conversion,talk_watch
synthetic_1a5a2ff05fd2,2026-01-04T04:33:18Z,yt_Xa6EoIAmMBk,conversion,talk_watch
synthetic_9a938f55e18a,2025-11-26T17:11:13Z,yt_j24c2RmhBX0,conversion,talk_watch
synthetic_bddb65ad6dd7,2026-01-08T02:32:58Z,yt_nNbU26CoMWA,conversion,talk_watch
synthetic_cfb02ea312af,2025-12-28T00:29:05Z,yt_oIC3zhTAOsY,conversion,talk_watch
synthetic_ad376da2ffc1,2025-12-03T05:19:14Z,yt_0HEJFYSxbB8,conversion,talk_watch
synthetic_662c47fd2ff5,2026-01-06T17:32:25Z,yt_03veuXJfUy4,conversion,talk_watch
synthetic_f38e65a0cfe1,2026-01-15T22:32:30Z,yt_owoAlsA2mC8,conversion,talk_watch
synthetic_d547f39218ca,2025-12-19T07:31:01Z,yt__ndAlJzsd54,conversion,talk_watch
synthetic_2ac8b251836d,2025-11-23T01:26:32Z,yt_Iob04azQ70o,conversion,talk_watch
synthetic_38654120bb25,2025-12-22T07:19:00Z,yt_tnaVbmhOZBU,conversion,talk_watch
synthetic_df5d824505e5,2025-12-21T03:03:46Z,yt_87YbtkKLBVo,conversion,talk_watch
synthetic_30fba260ae83,2025-12-07T09:19:58Z,yt_0bJ8ywI448o,conversion,talk_watch
synthetic_e35b85c9990c,2026-01-14T13:22:36Z,yt_44SpaI1O9yc,conversion,talk_watch
synthetic_678cee6fd595,2025-12-28T00:27:03Z,yt_W7uDvZmytlg,conversion,talk_watch
synthetic_247c0791aa53,2025-12-12T00:26:24Z,yt_i4JTv6ol7U4,conversion,talk_watch
synthetic_20fe1aad51e1,2025-12-21T06:41:26Z,yt_vjqhGJMFhFI,conversion,talk_watch
synthetic_0ea3ab2da50e,2025-12-20T08:10:19Z,yt_tTaNK-qHp-Q,conversion,talk_watch
synthetic_c7257b2c52c5,2025-12-16T19:58:26Z,yt_B_2E96URooA,conversion,talk_watch
synthetic_41ce32e5432f,2025-12-03T08:10:46Z,yt_WkcyQQdTmKk,conversion,talk_watch
synthetic_7bfaf7088826,2026-01-10T09:47:28Z,yt_phGOVrktozA,conversion,talk_watch
synthetic_708deeb81c6f,2025-12-14T00:11:35Z,yt_7zWD988GRRY,conversion,talk_watch
synthetic_0205f819e0bc,2025-12-17T01:37:47Z,yt_bHeVE93lkzQ,conversion,talk_watch
synthetic_8f4fdf2bc336,2025-12-08T10:44:07Z,yt_Lury2ad6KG8,conversion,talk_watch
synthetic_6b7ab4d2f3a4,2025-12-13T14:59:30Z,yt_IqdvgzV_nms,conversion,talk_watch
synthetic_bf1fb23cdf4e,2026-01-04T13:58:09Z,yt_7QBh1YVoaj8,conversion,talk_watch
synthetic_af363e14d0ef,2025-12-16T21:36:01Z,yt_JAOAEGMVK9k,conversion,talk_watch
synthetic_d20b030ece16,2026-01-15T00:17:20Z,yt_eGAMrqT9N1w,conversion,talk_watch
synthetic_d5d7dde84b48,2026-01-09T06:48:26Z,yt_Y0K5UUJyN10,conversion,talk_watch
synthetic_975333b532a8,2025-12-29T11:03:33Z,yt_dc-xC_AYt68,conversion,talk_watch
synthetic_862885a7939e,2026-01-12T04:37:46Z,yt_ToVkxdr0bno,conversion,talk_watch
synthetic_d062028f2cba,2025-11-28T13:14:12Z,yt_SuHy8vtj7mw,conversion,talk_watch
synthetic_e34390273d26,2025-12-02T18:34:09Z,yt_GeblxEQIPFM,conversion,talk_watch
synthetic_52cde8054d43,2025-12-29T01:25:27Z,yt_uD-WPXxh1Uc,conversion,talk_watch
synthetic_120f70c9d963,2026-01-05T10:22:03Z,yt_IqdvgzV_nms,conversion,talk_watch
synthetic_ea7ad6855122,2025-12-11T21:39:37Z,yt_11srfAQkaBg,conversion,talk_watch
synthetic_75fffe05d341,2025-12-20T11:17:33Z,yt_tKFWO9sT-Cc,conversion,talk_watch
synthetic_7400e7886b84,2025-12-20T07:53:54Z,yt_9Bzj3ItW1qw,conversion,talk_watch
synthetic_e75dfe040ff8,2025-11-28T06:48:06Z,yt_ycownyFHStA,conversion,talk_watch
synthetic_84f246a03e4c,2026-01-09T16:19:04Z,yt_OY282ylhDwI,conversion,talk_watch
synthetic_b5fe3116ee48,2025-12-05T12:48:43Z,yt_OZePBJGNP7Y,conversion,talk_watch
synthetic_8249bf1f08c7,2025-12-15T18:25:58Z,yt_Lury2ad6KG8,conversion,talk_watch
synthetic_07ee0fed5bea,2025-11-26T02:14:02Z,yt_X25G6ZBzKuM,conversion,talk_watch
synthetic_b188d8842beb,2026-01-07T18:26:16Z,yt_DM38Y1N_1Vc,conversion,talk_watch
synthetic_ff95bd74763e,2025-12-17T06:57:45Z,yt_ZBlJSr6XkN8,conversion,talk_watch
synthetic_35f392357e6d,2025-11-22T16:29:11Z,yt_zEX3xVxSqqM,conversion,talk_watch
synthetic_3559383eccfc,2025-12-10T00:15:48Z,yt_7fjXHHuwvhs,conversion,talk_watch
synthetic_f17c894ac12d,2025-12-30T22:19:39Z,yt_N7QeQvHXrh0,conversion,talk_watch
synthetic_2a21b87c7670,2025-11-22T15:38:44Z,yt_lDyxBqoC_ww,conversion,talk_watch
synthetic_234b30925377,2025-12-01T13:37:15Z,yt_o0vusZSRH6k,conversion,talk_watch
synthetic_f7c8a9b2426e,2026-01-06T04:20:56Z,yt_GeblxEQIPFM,conversion,talk_watch
synthetic_fc6f695410ac,2026-01-09T21:30:06Z,yt_L-DPGKQipdk,conversion,talk_watch
synthetic_1315a265efff,2025-12-15T22:10:40Z,yt_rWqIEWStdkA,conversion,talk_watch
synthetic_a668c6ad500d,2025-12-03T12:30:56Z,yt__FycgOQsiIg,conversion,talk_watch
synthetic_e5f57dc0d592,2025-11-26T23:52:10Z,yt_87YbtkKLBVo,conversion,talk_watch
synthetic_c7a943f212be,2025-12-23T09:27:07Z,yt_1mPxNc3cNZE,conversion,talk_watch
synthetic_697ce0d2f48f,2025-11-25T03:42:19Z,yt_Zi--DKgrLMQ,conversion,talk_watch
synthetic_01a4b7b962d1,2025-12-07T14:29:15Z,yt_GoQiqPNjvkQ,conversion,talk_watch
synthetic_c6482075a451,2025-12-29T16:05:58Z,yt_qrBsNP1WUDM,conversion,talk_watch
synthetic_b7128f919533,2025-11-23T10:52:45Z,yt_60B-4EW2Fms,conversion,talk_watch
synthetic_497a5614f02d,2025-12-16T16:36:36Z,yt_aKAriuR-vUM,conversion,talk_watch
synthetic_243ada3224ed,2026-01-05T06:57:14Z,yt_auFkJ2k28f4,conversion,talk_watch
synthetic_0ad173e14b19,2026-01-12T09:30:35Z,yt_5l5gAfRpMFA,conversion,talk_watch
synthetic_e33a01997563,2026-01-12T05:54:34Z,yt_QT6iuJlVuG4,conversion,talk_watch
synthetic_77d857a0ff66,2025-11-25T21:20:11Z,yt_Rdo_VcsHLv8,conversion,talk_watch
synthetic_a47e367f6b0c,2025-11-25T09:14:12Z,yt_sOAoUH0pZNU,conversion,talk_watch
synthetic_98df3236a5af,2025-11-28T03:02:59Z,yt_7QBh1YVoaj8,conversion,talk_watch
synthetic_d9b8a55b3d4a,2026-01-13T11:33:15Z,yt__yeEt0fVr5g,conversion,talk_watch
synthetic_fa2580acf2aa,2026-01-15T07:32:07Z,yt_g85Yxg9U5eU,conversion,talk_watch
synthetic_055125ceb05d,2026-01-16T12:53:36Z,yt_m1hM9qsNAHY,conversion,talk_watch
synthetic_5f7f92a01ac6,2025-11-23T22:07:49Z,yt_eKfPRK_rOfc,conversion,talk_watch
synthetic_19ded1c31149,2025-11-28T23:16:04Z,yt_DM38Y1N_1Vc,conversion,talk_watch
synthetic_359d4ba7313f,2025-12-17T07:10:10Z,yt_Jad9uSMIS-I,conversion,talk_watch
synthetic_e042df84c0c4,2025-12-14T12:55:25Z,yt_uCDtQov6jWA,conversion,talk_watch
synthetic_40648c5ce3e1,2025-12-18T23:21:48Z,yt_bFQeCEcg4tU,conversion,talk_watch
synthetic_27c9eee7ac0f,2025-11-20T00:10:34Z,yt_evgkD1Swyq4,conversion,talk_watch
synthetic_7bb97137085c,2025-12-22T22:55:15Z,yt_HLPj6DPkabc,conversion,talk_watch
synthetic_d8d1c9fc3681,2025-12-09T00:07:25Z,yt_yTYaHr_K_q4,conversion,talk_watch
synthetic_e49f174b6fec,2026-01-16T06:21:47Z,yt_0p00kFVl3v0,conversion,talk_watch
synthetic_0225e9f3bd49,2025-11-30T04:28:21Z,yt_d518JdL5Ha0,conversion,talk_watch
synthetic_7687e19659b9,2026-01-13T12:13:54Z,yt_oHHox3lcFBk,conversion,talk_watch
synthetic_6d735326165d,2026-01-14T05:27:56Z,yt_LaNPG2bzehc,conversion,talk_watch
synthetic_3b31cc73d7a7,2025-12-11T23:00:09Z,yt_mCmrrH_WDTs,conversion,talk_watch
synthetic_75ef9ffbaa37,2025-11-25T00:49:07Z,yt_Dn3sjTmbE7M,conversion,talk_watch
synthetic_8a5f4c861b8b,2025-12-14T23:30:54Z,yt_KYdlqhb267c,conversion,talk_watch
synthetic_305b28dd678d,2025-11-24T20:42:33Z,yt_yTYaHr_K_q4,conversion,talk_watch
synthetic_0aeac61abe7a,2026-01-17T04:13:02Z,yt__ndAlJzsd54,conversion,talk_watch
synthetic_71f388e2b11f,2025-12-21T09:24:19Z,yt_B1DLHKRTBOY,conversion,talk_watch
synthetic_5c5f3aebd381,2025-12-28T03:02:24Z,yt_5z9Dbuw6EXA,conversion,talk_watch
synthetic_e2f34bafd6cd,2025-12-28T20:18:23Z,yt_bEy2QMKrcWg,conversion,talk_watch
synthetic_040484300cf7,2025-12-06T16:18:58Z,yt_EBZNr4pl6F0,conversion,talk_watch
synthetic_89e713b1c749,2025-12-23T02:18:49Z,yt_LzNa-_jNAVk,conversion,talk_watch
synthetic_e500079184a3,2025-12-29T03:49:43Z,yt_vjqhGJMFhFI,conversion,talk_watch
synthetic_82e916239e57,2026-01-06T06:42:49Z,yt_fhJBEuJjxFQ,conversion,talk_watch
synthetic_ccfa100d3822,2026-01-13T14:48:08Z,yt_B_2E96URooA,conversion,talk_watch
synthetic_84dc1dbc0647,2025-12-13T07:35:47Z,yt_zkAwQ_PIniY,conversion,talk_watch
synthetic_c938c7eb182c,2025-11-21T10:44:48Z,yt_hOspzVbuPfc,conversion,talk_watch
synthetic_fc4e8855e4b5,2025-12-30T20:14:24Z,yt_37X4Hbu0bSQ,conversion,talk_watch
synthetic_c23f51b8c888,2025-12-25T17:56:26Z,yt_tKFWO9sT-Cc,conversion,talk_watch
synthetic_3664c936d9c2,2025-12-22T04:12:37Z,yt_2X698yueu7I,conversion,talk_watch
synthetic_44be1395ad4e,2025-11-30T05:58:09Z,yt_cYoNDoa4_jE,conversion,talk_watch
synthetic_d238b289e5e2,2025-12-05T15:50:47Z,yt_-18bBu7lxP0,conversion,talk_watch
synthetic_43a69ec5db36,2026-01-09T03:42:53Z,yt_auFkJ2k28f4,conversion,talk_watch
synthetic_ca662fe6c1f0,2025-12-30T10:07:12Z,yt_wMgW-OeVR8Y,conversion,talk_watch
synthetic_4e50aa864e36,2025-11-22T14:27:34Z,yt_OWfxexSE2aM,conversion,talk_watch
synthetic_1b409ff518dd,2026-01-03T04:45:09Z,yt_eGAMrqT9N1w,conversion,talk_watch
synthetic_703e773dcb3a,2025-12-05T23:53:52Z,yt_4S5m5Jhneds,conversion,talk_watch
synthetic_e600140b6405,2025-11-22T12:07:30Z,yt_qd3x5MCUrhw,conversion,talk_watch
synthetic_bdfe357fb141,2025-12-30T06:47:09Z,yt_6EUnO91tR0w,conversion,talk_watch
synthetic_7c29b11f5ab7,2026-01-07T12:24:52Z,yt_AUmpOVXFmOw,conversion,talk_watch
synthetic_eca0f4974bcb,2025-12-19T00:08:39Z,yt_zuy2j8vxgYc,conversion,talk_watch
synthetic_7cfed0300a52,2025-12-22T20:11:56Z,yt_EWhbARhTUKY,conversion,talk_watch
synthetic_c2dd6a87318d,2025-12-02T21:45:08Z,yt_cYoNDoa4_jE,conversion,talk_watch
synthetic_d2bd8b740e2c,2025-12-18T19:52:14Z,yt_vkefS7WQ9oc,conversion,talk_watch
synthetic_29f3d11c0dc5,2025-11-20T04:47:51Z,yt_B1DLHKRTBOY,conversion,talk_watch
synthetic_ffce62d5103e,2025-11-26T01:24:52Z,yt__FycgOQsiIg,conversion,talk_watch
synthetic_c911f8fe88a1,2025-12-22T14:54:27Z,yt_p-ceha9iBEs,conversion,talk_watch
synthetic_313e8e90e8e1,2025-12-15T02:03:46Z,yt_g2G0n7xcfyI,conversion,talk_watch
synthetic_9370ec611773,2025-12-15T14:27:08Z,yt_m1hM9qsNAHY,conversion,talk_watch
synthetic_4c2746fd9d1d,2026-01-04T10:52:16Z,yt_HhztEv9S0Ow,conversion,talk_watch
synthetic_61489c49366b,2025-12-28T10:59:09Z,yt_MGpTUx8MKMY,conversion,talk_watch
synthetic_5cd8549d7be4,2026-01-01T17:23:18Z,yt_Nn_bv3qWkfc,conversion,talk_watch
synthetic_70d97492b4c9,2026-01-03T08:31:57Z,yt_XrN7lhr9E_I,conversion,talk_watch
synthetic_bf427e3736ac,2025-11-23T01:56:59Z,yt_tnaVbmhOZBU,conversion,talk_watch
synthetic_a23017b6a8f4,2025-11-20T17:01:19Z,yt_rsLIC-CY7T0,conversion,talk_watch
synthetic_4e6e01d2272c,2025-12-15T21:19:36Z,yt_dXsWh_lEybM,conversion,talk_watch
synthetic_4e71c776f4bf,2025-12-15T11:25:07Z,yt_BleS-MHLn7s,conversion,talk_watch
synthetic_f4998b7542c3,2025-12-20T09:51:01Z,yt_9ezKkyujKWQ,conversion,talk_watch
synthetic_1bbdb673db9e,2026-01-09T19:34:05Z,yt_60B-4EW2Fms,conversion,talk_watch
synthetic_a892cf224c67,2025-11-27T20:22:08Z,yt_WAt7eBCMZmo,conversion,talk_watch
synthetic_faf7b5f7256c,2025-12-14T13:57:10Z,yt_mfQ_0ZXYlJI,conversion,talk_watch
synthetic_83336e961c72,2025-11-29T20:25:21Z,yt_ZNpWo9fjS8s,conversion,talk_watch
synthetic_853048303c13,2025-12-17T09:58:56Z,yt_KYdlqhb267c,conversion,talk_watch
synthetic_c800efae68c1,2025-12-05T16:10:58Z,yt_0p00kFVl3v0,conversion,talk_watch
synthetic_27166f0322d8,2025-11-26T17:21:09Z,yt_KjQnB9yB9kQ,conversion,talk_watch
synthetic_0c725c2b1152,2025-12-10T20:17:45Z,yt_qyh9odXW-jM,conversion,talk_watch
synthetic_647fedb4bab8,2025-11-26T09:18:22Z,yt_pqZFULVdg2g,conversion,talk_watch
synthetic_82afa12d0745,2025-12-04T17:49:30Z,yt_w9xQRJXKrV0,conversion,talk_watch
synthetic_70e8e9fba1b3,2026-01-11T17:46:14Z,yt_X6Ajx6n2Zjo,conversion,talk_watch
synthetic_b906414090cb,2025-12-05T14:18:56Z,yt_zEX3xVxSqqM,conversion,talk_watch
synthetic_79f32569f85e,2025-11-22T00:06:30Z,yt_7bgbVKaY9Ms,conversion,talk_watch
synthetic_161fc67e2c8a,2025-12-28T08:52:24Z,yt_QT6iuJlVuG4,conversion,talk_watch
synthetic_7f2ce9e36955,2025-11-22T05:10:08Z,yt_AsTAAq5jKSo,conversion,talk_watch
synthetic_1cd6d7c536f3,2025-12-18T00:16:25Z,yt_WY90Uz6bRWM,conversion,talk_watch
synthetic_5fdb75ba1e6c,2025-11-27T00:02:08Z,yt_qd3x5MCUrhw,conversion,talk_watch
synthetic_e7337b745844,2025-12-25T03:01:36Z,yt_ycownyFHStA,conversion,talk_watch
synthetic_7de6a30d38b1,2025-11-21T02:22:17Z,yt_7QBh1YVoaj8,conversion,talk_watch
synthetic_b5a82cc264b7,2025-12-16T19:43:53Z,yt_192DsvHFT_s,conversion,talk_watch
synthetic_932fdc7eed95,2025-12-09T05:23:02Z,yt_EBZNr4pl6F0,conversion,talk_watch
synthetic_34a863396cfb,2026-01-09T01:36:54Z,yt__yeEt0fVr5g,conversion,talk_watch
synthetic_3f029e870f0f,2025-12-19T21:02:38Z,yt_t1QrcOOdz4M,conversion,talk_watch
synthetic_c0d10b55f6de,2026-01-13T10:33:54Z,yt_909FJ4aGJ6A,conversion,talk_watch
synthetic_060ce72cd504,2026-01-01T16:19:36Z,yt_HTIltI0NuNg,conversion,talk_watch
synthetic_a3a7910080d9,2025-12-28T11:43:30Z,yt_qrBsNP1WUDM,conversion,talk_watch
synthetic_6f9b598d0eea,2025-11-20T03:57:11Z,yt_POehvj8uas4,conversion,talk_watch
synthetic_8878d517ccd4,2026-01-16T08:00:45Z,yt_87YbtkKLBVo,conversion,talk_watch
synthetic_6ac9cfef751b,2025-12-20T02:30:28Z,yt_UhDkARpmBGU,conversion,talk_watch
synthetic_dc0be09950b5,2026-01-06T06:00:20Z,yt_dp1qq5UhegA,conversion,talk_watch
synthetic_d827be04706c,2025-12-12T04:45:05Z,yt_d2Suu-9d4WA,conversion,talk_watch
synthetic_74d7664a60d9,2025-12-10T04:35:10Z,yt_JSwKCvTpv7E,conversion,talk_watch
synthetic_3915f404443f,2025-12-25T18:25:49Z,yt_g2G0n7xcfyI,conversion,talk_watch
synthetic_4da2b25f3b95,2025-12-01T10:47:23Z,yt_ppgucIDIgT4,conversion,talk_watch
synthetic_72084a497996,2025-11-30T16:59:17Z,yt_t7SOnE6SfwU,conversion,talk_watch
synthetic_dbf7c6b1c23c,2025-12-28T03:39:33Z,yt_4cZhQsc1w2Q,conversion,talk_watch
synthetic_b686511abe11,2025-12-18T18:16:15Z,yt_LMN98OtVoPY,conversion,talk_watch
synthetic_7cfdf2180e4e,2025-11-21T11:06:07Z,yt_xFA-0mSgatk,conversion,talk_watch
synthetic_7acb0aa48fa1,2025-12-18T15:14:47Z,yt_8Y572t2vVzU,conversion,talk_watch
synthetic_cc8d0ad5a78e,2025-12-14T18:54:01Z,yt_Uk3ljMUOyRc,conversion,talk_watch
synthetic_2489f1caecee,2025-11-23T19:38:05Z,yt_DM38Y1N_1Vc,conversion,talk_watch
synthetic_19e93f667c71,2025-12-22T20:49:51Z,yt_vjqhGJMFhFI,conversion,talk_watch
synthetic_a61b09601a67,2025-12-14T09:10:38Z,yt_TJThJT9Domk,conversion,talk_watch
synthetic_8cd6cdce7b49,2025-12-24T17:21:58Z,yt_YoPskpg3zJQ,conversion,talk_watch
synthetic_1025d1ee0b06,2025-12-18T00:45:32Z,yt_JqYCt9rTG8g,conversion,talk_watch
synthetic_39c4583d65f3,2026-01-13T15:59:41Z,yt_kImEd6Lrf3U,conversion,talk_watch
synthetic_4f128d11fe9b,2025-12-16T12:45:31Z,yt_909FJ4aGJ6A,conversion,talk_watch
synthetic_3b7d26b38af6,2025-11-29T11:48:39Z,yt_2hl0dE7dKog,conversion,talk_watch
synthetic_0e86d0cc937e,2025-11-21T05:51:32Z,yt_29Vz5wkoUR8,conversion,talk_watch
synthetic_9004a3dcebf0,2025-11-23T08:27:03Z,yt_8xupWRS8OaE,conversion,talk_watch
synthetic_0aeec27ddb7e,2025-12-29T22:10:42Z,yt_K-ntHsFriuI,conversion,talk_watch
synthetic_ca358f8b1087,2026-01-06T13:57:58Z,yt_nzsFUz2K884,conversion,talk_watch
synthetic_f098f00fbd0b,2026-01-08T12:45:48Z,yt_r8g_USC4To0,conversion,talk_watch
synthetic_cc58b673ba8c,2025-11-22T13:39:37Z,yt_FP5c8_U1G-w,conversion,talk_watch
synthetic_493272246835,2025-12-18T17:31:46Z,yt_Lury2ad6KG8,conversion,talk_watch
synthetic_e97a46a3f391,2025-12-07T15:55:57Z,yt_ls_imbD7cbI,conversion,talk_watch
synthetic_ac9f66ada6ae,2026-01-04T11:04:14Z,yt_en-qZm518oc,conversion,talk_watch
synthetic_f3909fe0e0c7,2026-01-17T14:52:57Z,yt_909FJ4aGJ6A,conversion,talk_watch
synthetic_53d6dc169ad5,2025-12-29T18:35:17Z,yt_nfFIvWX8xzY,conversion,talk_watch
synthetic_39f40be46a9c,2026-01-05T09:20:53Z,yt_h4yC0MGWrHQ,conversion,talk_watch
synthetic_caa6c61ed4eb,2025-12-30T03:15:43Z,yt_HyHsk9UOfCw,conversion,talk_watch
synthetic_444663262ee8,2025-12-27T14:08:41Z,yt_4cZhQsc1w2Q,conversion,talk_watch
synthetic_9c3afcbdfa49,2025-12-31T09:56:05Z,yt_k7KWwNdXXQY,conversion,talk_watch
synthetic_0b1d102f2080,2026-01-15T00:36:08Z,yt_7zWD988GRRY,conversion,talk_watch
synthetic_0ebaca7341a8,2026-01-04T23:59:23Z,yt_s9nFLWzt4c0,conversion,talk_watch
synthetic_b41355700291,2025-11-22T08:18:18Z,yt_j24c2RmhBX0,conversion,talk_watch
synthetic_210c08ed6de0,2025-12-09T20:49:09Z,yt_Dn3sjTmbE7M,conversion,talk_watch
synthetic_9d43ee045ae9,2025-12-29T20:04:47Z,yt_uife7ZUOb_g,conversion,talk_watch
synthetic_d4ccf2242904,2026-01-12T07:52:43Z,yt_bHeVE93lkzQ,conversion,talk_watch
synthetic_f8500b0c9801,2025-12-04T06:00:54Z,yt_ve33hCLHbcg,conversion,talk_watch
synthetic_b9afbc200a07,2026-01-12T20:34:21Z,yt_fhJBEuJjxFQ,conversion,talk_watch
synthetic_bd08a048ecfa,2026-01-16T00:42:47Z,yt_eKfPRK_rOfc,conversion,talk_watch
synthetic_cc75fc536706,2025-12-31T02:56:07Z,yt_NYiDLTOrcoE,conversion,talk_watch
synthetic_5880d13abc18,2025-11-20T18:33:51Z,yt_NkkkBdzPlpo,conversion,talk_watch
synthetic_59c6231fa91c,2026-01-03T17:41:22Z,yt_DVxNbNXcEeM,conversion,talk_watch
synthetic_c4f299760ef6,2025-12-08T03:35:21Z,yt_p-ceha9iBEs,conversion,talk_watch
synthetic_78f72d8e8fcb,2025-12-15T13:18:50Z,yt_WzlFBdCIe7w,conversion,talk_watch
synthetic_f7ea44acad6e,2025-12-18T16:26:29Z,yt_6kt2vpmRpTY,conversion,talk_watch
synthetic_5da77b1d423c,2026-01-16T05:37:40Z,yt_60jmNZkTFvY,conversion,talk_watch
synthetic_0e5ef0e9c09a,2025-12-26T04:26:01Z,yt_vjqhGJMFhFI,conversion,talk_watch
synthetic_def97d29684e,2025-12-02T19:06:32Z,yt_8Y572t2vVzU,conversion,talk_watch
synthetic_a9ce9f89d981,2025-12-25T12:54:06Z,yt_-osnW5Nq504,conversion,talk_watch
synthetic_34474676ab8f,2026-01-14T10:40:03Z,yt_EWhbARhTUKY,conversion,talk_watch
synthetic_a941987ab57a,2025-12-10T05:55:48Z,yt_ZNpWo9fjS8s,conversion,talk_watch
synthetic_fbc22d438803,2025-12-19T09:57:01Z,yt_eRlBGiOMOX0,conversion,talk_watch
synthetic_42314d7ac399,2026-01-09T07:04:05Z,yt_dXsWh_lEybM,conversion,talk_watch
synthetic_1179318f2b47,2025-12-21T23:24:40Z,yt_zUyR-Qbr4Yg,conversion,talk_watch
synthetic_062e2227bfa4,2025-12-11T13:58:59Z,yt_HTIltI0NuNg,conversion,talk_watch
synthetic_fa166e3ed2b4,2025-12-13T11:31:00Z,yt_06mDjue1kKg,conversion,talk_watch
synthetic_93837f84c424,2025-11-20T14:27:18Z,yt_X25G6ZBzKuM,conversion,talk_watch
synthetic_2e53789c9f44,2025-12-12T06:16:38Z,yt_A7t7tl9lixA,conversion,talk_watch
synthetic_3b32b5b965ae,2025-11-27T23:57:17Z,yt_w9xQRJXKrV0,conversion,talk_watch
synthetic_333bb81a8137,2026-01-04T17:22:57Z,yt_NYiDLTOrcoE,conversion,talk_watch
synthetic_3b299d8489c2,2025-12-04T10:20:47Z,yt_FBV7wahXjTI,conversion,talk_watch
synthetic_4846a0eeb7b2,2026-01-17T11:59:36Z,yt_rFHOO-ixWp0,conversion,talk_watch
synthetic_0f8939f866c7,2026-01-14T06:10:11Z,yt_9Bzj3ItW1qw,conversion,talk_watch
synthetic_2e17d3ab9153,2025-12-31T00:28:12Z,yt_v8rrNHF4JSw,conversion,talk_watch
synthetic_9e6e5da854b6,2025-11-19T04:19:48Z,yt_w_twH-4ZVto,conversion,talk_watch
synthetic_2507918deef0,2025-12-29T09:11:15Z,yt_0y_ts8oh36o,conversion,talk_watch
synthetic_a5ad696d0c5f,2026-01-12T11:52:43Z,yt_cXf31nFPo0U,conversion,talk_watch
synthetic_51e641266a67,2026-01-15T03:01:48Z,yt_zoxsW0Psb0s,conversion,talk_watch
synthetic_68b192f0a153,2025-12-15T07:32:15Z,yt_QT6iuJlVuG4,conversion,talk_watch
synthetic_e9f06efd134b,2025-12-23T20:12:41Z,yt_o4hpEQ5ErnE,conversion,talk_watch
synthetic_c8d4e87becc4,2026-01-07T15:56:43Z,yt_xFA-0mSgatk,conversion,talk_watch
synthetic_c8e1d4624fe0,2025-12-01T22:47:35Z,yt_JbZJg5aLKzU,conversion,talk_watch
synthetic_f96d2692b12d,2025-11-25T04:12:02Z,yt_cMpaWS3Dz4M,conversion,talk_watch
synthetic_c46747c7782d,2025-12-13T05:27:43Z,yt_B6LA20wFuLc,conversion,talk_watch
synthetic_1cf57b1bdf10,2025-11-26T13:41:27Z,yt_FLNN6bczTRk,conversion,talk_watch
synthetic_88fadbf71db1,2025-12-29T07:39:05Z,yt_ycownyFHStA,conversion,talk_watch
synthetic_dabedb4d825b,2025-12-03T15:40:24Z,yt_wPXt8VmWtHI,conversion,talk_watch
synthetic_bd0440fcaf04,2025-11-21T16:31:34Z,yt_GeHRZ2odNIM,conversion,talk_watch
synthetic_961aae4c78af,2025-12-17T04:19:23Z,yt_NyXcsy9QbQg,conversion,talk_watch
synthetic_3acc2a650a4b,2025-12-25T07:58:13Z,yt_TWTDPilQ8q0,conversion,talk_watch
synthetic_47c2c0c34841,2025-12-30T09:29:55Z,yt_nNbU26CoMWA,conversion,talk_watch
synthetic_f1df6c9f0624,2026-01-05T20:00:02Z,yt_GoQiqPNjvkQ,conversion,talk_watch
synthetic_d8ddd38a005e,2026-01-02T19:46:14Z,yt_OY282ylhDwI,conversion,talk_watch
synthetic_23dba287ed5c,2025-11-24T22:29:40Z,yt_QTQEzKQFjXg,conversion,talk_watch
synthetic_8a5b4f180685,2025-11-19T20:52:22Z,yt_tJAPaW5GoxU,conversion,talk_watch
synthetic_c750072c5db8,2025-12-14T06:57:15Z,yt_jF4LTXHAFAk,conversion,talk_watch
synthetic_d61a78de7a9e,2025-12-29T06:20:05Z,yt_GeblxEQIPFM,conversion,talk_watch
synthetic_4d74a9698c06,2025-11-23T20:09:16Z,yt_q9xj0jQNrnw,conversion,talk_watch
synthetic_5f01a43e645a,2025-12-27T14:39:11Z,yt_60jmNZkTFvY,conversion,talk_watch
synthetic_5bb00c626ea7,2025-11-27T19:53:39Z,yt_mCmrrH_WDTs,conversion,talk_watch
synthetic_9668f25e96a8,2025-11-24T13:02:58Z,yt_QT6iuJlVuG4,conversion,talk_watch
synthetic_579f95870b44,2025-12-13T08:45:27Z,yt_7uixlNTOY4s,conversion,talk_watch
synthetic_84a111d525fd,2025-12-11T16:16:30Z,yt_inXTj2hmkvc,conversion,talk_watch
synthetic_383d413324a0,2025-12-25T00:52:01Z,yt_zsGv53slGW4,conversion,talk_watch
synthetic_7ad885b13e11,2025-12-26T10:33:54Z,yt_L_yQ_nWqxsU,conversion,talk_watch
synthetic_da66e45dbfea,2026-01-06T06:03:04Z,yt_LaNPG2bzehc,conversion,talk_watch
synthetic_f561db969e38,2025-12-17T06:40:14Z,yt_Tx4EVHJ8Fxs,conversion,talk_watch
synthetic_c870eebe63d0,2025-11-27T02:54:06Z,yt_XVaRRryB_cQ,conversion,talk_watch
synthetic_d2ed2fa7e45e,2026-01-13T11:02:32Z,yt_ZtmrfRMZNps,conversion,talk_watch
synthetic_eeb347b4838b,2025-12-04T07:53:04Z,yt_tbc3xeT5o2w,conversion,talk_watch
synthetic_fce37f166f2d,2025-11-30T06:36:26Z,yt_Va6vIYCVxj0,conversion,talk_watch
synthetic_742fb7dd3d26,2026-01-02T23:17:44Z,yt_o0vusZSRH6k,conversion,talk_watch
synthetic_bf9c35dac9fd,2026-01-09T22:51:29Z,yt_zuy2j8vxgYc,conversion,talk_watch
synthetic_e81ccf368695,2025-11-30T12:23:44Z,yt_WsbUzGailCw,conversion,talk_watch
synthetic_b18f6d2c6b6a,2025-12-31T05:39:00Z,yt_1KOA5olfYTw,conversion,talk_watch
synthetic_14c719aad8d2,2025-12-25T00:49:03Z,yt_gZlFqGqrRNM,conversion,talk_watch
synthetic_2a98b1a5fcd7,2025-11-22T02:07:31Z,yt_Zv9b9cgPrJM,conversion,talk_watch
synthetic_5aa0826af989,2025-12-14T18:07:32Z,yt_B1DLHKRTBOY,conversion,talk_watch
synthetic_30ea5d4e43cf,2025-11-27T19:19:39Z,yt_UbhQdScb6xA,conversion,talk_watch
synthetic_7f50ff112a9d,2025-12-13T12:21:44Z,yt_GeblxEQIPFM,conversion,talk_watch
synthetic_eff61699cacb,2025-11-28T08:26:30Z,yt_jXcYiiJ-BBg,conversion,talk_watch
synthetic_ecf9d392949e,2026-01-06T03:11:31Z,yt_mHDBsS9c9MM,conversion,talk_watch
synthetic_ea4c9f3e37ed,2025-12-08T17:37:31Z,yt_1KHQuaiR0iI,conversion,talk_watch
synthetic_10fa7e320eca,2026-01-05T20:55:45Z,yt_mCh6qtqNBes,conversion,talk_watch
synthetic_b527ac78b606,2025-11-21T10:01:58Z,yt_eKfPRK_rOfc,conversion,talk_watch
synthetic_84ceb1d700a7,2026-01-10T22:31:17Z,yt_OY282ylhDwI,conversion,talk_watch
synthetic_5609614d1a71,2025-12-08T13:30:50Z,yt_7QBh1YVoaj8,conversion,talk_watch
synthetic_27c41f0a8682,2026-01-01T06:19:39Z,yt_5l5gAfRpMFA,conversion,talk_watch
synthetic_d3e33984de9b,2025-12-13T01:00:34Z,yt_3WJ_s4Jvbsk,conversion,talk_watch
synthetic_8afc1b87953e,2025-12-13T12:58:58Z,yt_7zWD988GRRY,conversion,talk_watch
synthetic_d2b4c7f0cc39,2025-11-23T11:22:19Z,yt_5z9Dbuw6EXA,conversion,talk_watch
synthetic_73a480fe7fab,2025-12-03T23:28:22Z,yt_I_NX6O4pDOM,conversion,talk_watch
synthetic_ddc8c6884468,2025-11-24T19:34:45Z,yt_nNbU26CoMWA,conversion,talk_watch
synthetic_aa17f8935c79,2025-12-02T20:29:38Z,yt_MGpTUx8MKMY,conversion,talk_watch
synthetic_9613561a01cd,2025-11-21T10:48:40Z,yt_WccP7yFpvqw,conversion,talk_watch
synthetic_80da5d5f5866,2025-12-12T04:43:07Z,yt_0FmFyZPRFpM,conversion,talk_watch
synthetic_21a84fe83193,2025-12-07T23:49:53Z,yt_sMCDRWakEro,conversion,talk_watch
synthetic_ce2ed1152cf4,2025-12-23T14:18:32Z,yt_Iob04azQ70o,conversion,talk_watch
synthetic_169f89b8bf58,2026-01-17T17:02:55Z,yt_zkAwQ_PIniY,conversion,talk_watch
synthetic_f14612c8ce00,2025-11-26T14:58:15Z,yt_FwMCvy8k-zc,conversion,talk_watch
synthetic_21e754429912,2026-01-15T00:57:20Z,yt_JHc2An3a0Ws,conversion,talk_watch
synthetic_29f3102c6b77,2025-12-17T04:40:32Z,yt_fCf3WTRh9c0,conversion,talk_watch
synthetic_c80982c2808f,2025-12-26T18:12:48Z,yt_TWTDPilQ8q0,conversion,talk_watch
synthetic_21f9a7697205,2025-12-12T07:50:08Z,yt_N7QeQvHXrh0,conversion,talk_watch
synthetic_e9948bcb0a7e,2025-11-28T20:47:28Z,yt_0yltsB3Cbr4,conversion,talk_watch
synthetic_e8b6b098f91c,2025-12-27T01:48:27Z,yt_B6LA20wFuLc,conversion,talk_watch
synthetic_90059f0c2389,2025-12-19T18:48:04Z,yt_1auMChg1ULw,conversion,talk_watch
synthetic_6c15658dfd49,2026-01-15T09:17:06Z,yt_XrN7lhr9E_I,conversion,talk_watch
synthetic_d1829317003d,2025-12-04T23:38:51Z,yt_zuy2j8vxgYc,conversion,talk_watch
synthetic_a2071f9b9031,2025-12-28T07:12:39Z,yt_DpJdqdY8WMw,conversion,talk_watch
synthetic_f49ed2608fda,2025-12-31T14:24:35Z,yt_ISoRfSYRGG0,conversion,talk_watch
synthetic_b14ba69f94dd,2025-12-31T13:09:59Z,yt_bFQeCEcg4tU,conversion,talk_watch
synthetic_44e8de1108d5,2026-01-06T15:26:31Z,yt_kImEd6Lrf3U,conversion,talk_watch
synthetic_35638fb4da24,2025-11-22T07:57:23Z,yt_rq2igcuSvEY,conversion,talk_watch
synthetic_f926a716128d,2025-12-23T06:10:08Z,yt_zOz-Sk4K-64,conversion,talk_watch
synthetic_bc1abd5d1b03,2026-01-04T12:34:41Z,yt_twMM9NQXRaI,conversion,talk_watch
synthetic_b3cf2363cf88,2025-12-17T21:27:55Z,yt_FRDKFirhsK0,conversion,talk_watch
synthetic_7c0158e0a29b,2025-12-29T21:25:22Z,yt_X6Ajx6n2Zjo,conversion,talk_watch
synthetic_b075f6e3793b,2026-01-13T04:17:17Z,yt_evgkD1Swyq4,conversion,talk_watch
synthetic_7e5201d4554e,2025-12-04T15:35:36Z,yt_rsLIC-CY7T0,conversion,talk_watch
synthetic_f4aa45e401ff,2025-12-11T18:05:07Z,yt_3RIxy9YE-Yk,conversion,talk_watch
synthetic_2bc622d5fb40,2025-11-24T03:47:59Z,yt_LGXx5Bqcgq8,conversion,talk_watch
synthetic_7e86510e0ed4,2025-12-21T21:03:10Z,yt_0p00kFVl3v0,conversion,talk_watch
synthetic_a5d0b66aa746,2025-11-24T05:41:11Z,yt_7nDggBGByRQ,conversion,talk_watch
synthetic_e0bda0d0c2b2,2026-01-17T05:24:51Z,yt_B1DLHKRTBOY,conversion,talk_watch
synthetic_486b95844c0b,2025-12-10T15:39:03Z,yt_9P09P7lGnMk,conversion,talk_watch
synthetic_02de67e46bf0,2025-12-26T13:54:46Z,yt_9P09P7lGnMk,conversion,talk_watch
synthetic_6b9ddbe51d07,2026-01-05T15:40:45Z,yt_dELeVv-ibKM,conversion,talk_watch
synthetic_53bc7e879760,2025-12-13T17:04:18Z,yt__8r4c2zGjNI,conversion,talk_watch
synthetic_080f44b98758,2025-12-09T05:09:38Z,yt_2X698yueu7I,conversion,talk_watch
synthetic_954492dbf4b5,2025-12-09T10:03:22Z,yt_0j_A-haYC9U,conversion,talk_watch
synthetic_8bd6f8915cc1,2025-11-22T06:56:15Z,yt_0TNx3jvvMlc,conversion,talk_watch
synthetic_d5e871cd0cba,2025-12-21T11:21:36Z,yt_GheYMHlGCgY,conversion,talk_watch
synthetic_083be48573e1,2025-12-04T17:48:07Z,yt_9_1QZcisUFw,conversion,talk_watch
synthetic_d16223e19b97,2025-12-10T11:04:43Z,yt_aPCeFoT9_ww,conversion,talk_watch
synthetic_d446a12c3fcc,2026-01-13T08:51:34Z,yt_CiT-qMYouUc,conversion,talk_watch
synthetic_7ec81e1d8d6d,2026-01-07T07:00:12Z,yt_K-ntHsFriuI,conversion,talk_watch
synthetic_22202d72c2dd,2026-01-17T20:46:36Z,yt_v-faNjF-KMo,conversion,talk_watch
synthetic_6811509ca2e1,2026-01-05T02:01:54Z,yt_OP_7gCyz9zc,conversion,talk_watch
synthetic_cb21abd1f7e1,2026-01-04T14:11:05Z,yt_WsbUzGailCw,conversion,talk_watch
synthetic_f0a92ba008c8,2026-01-10T03:10:37Z,yt_Jad9uSMIS-I,conversion,talk_watch
synthetic_51b4333d00d2,2025-12-26T23:23:02Z,yt_syA3xxKfB4s,conversion,talk_watch
synthetic_a6adc3371d04,2025-11-21T07:26:48Z,yt_Zi--DKgrLMQ,conversion,talk_watch
synthetic_1e146a618681,2025-12-20T13:12:04Z,yt_Gbc1SRQeCnI,conversion,talk_watch
synthetic_c1ba23a39c94,2025-12-27T02:11:51Z,yt_mCh6qtqNBes,conversion,talk_watch
synthetic_da73105f5b6c,2026-01-10T08:40:54Z,yt_K20OTZR0R80,conversion,talk_watch
synthetic_2eb5477088e5,2025-12-17T13:15:45Z,yt_q1aNVIq3K7c,conversion,talk_watch
synthetic_0a6580247d1d,2025-12-12T07:08:58Z,yt_-18bBu7lxP0,conversion,talk_watch
synthetic_beb7f935251f,2025-12-13T08:59:03Z,yt_hnkSbA4ZDGQ,conversion,talk_watch
synthetic_aaaebbf358f2,2025-12-22T10:18:30Z,yt_qJx9a_h_Cy0,conversion,talk_watch
synthetic_61eee76bb393,2026-01-04T08:40:51Z,yt_SI8tWSU9pXk,conversion,talk_watch
synthetic_0d46038521c4,2026-01-16T16:20:19Z,yt_OlR7OGsR9Y8,conversion,talk_watch
synthetic_1cd441a049e1,2025-12-19T07:04:37Z,yt_Alh35sjeCQg,conversion,talk_watch
synthetic_a114741d2efd,2025-12-10T06:58:40Z,yt_jcn1OUSJ4Oo,conversion,talk_watch
synthetic_f18d87ef668f,2025-12-22T07:43:12Z,yt_2X698yueu7I,conversion,talk_watch
synthetic_b4df518ff94e,2025-12-23T11:35:18Z,yt_cYoNDoa4_jE,conversion,talk_watch
synthetic_37c0613d2c59,2026-01-13T10:31:26Z,yt_L3dbSPCrGUI,conversion,talk_watch
synthetic_9ed0d1952122,2025-11-22T12:33:49Z,yt_lJ198iRizNo,conversion,talk_watch
synthetic_854081472584,2025-12-03T02:47:00Z,yt_tepqzY4lXGU,conversion,talk_watch
synthetic_b59dcce82765,2025-12-18T18:58:42Z,yt_593MCyx2NRk,conversion,talk_watch
synthetic_02b460e01694,2026-01-05T18:07:29Z,yt_vjqhGJMFhFI,conversion,talk_watch
synthetic_a587d8f8a9f7,2026-01-05T03:18:46Z,yt_WQjpxHcQA64,conversion,talk_watch
synthetic_a7295d22bb1b,2025-11-24T00:55:03Z,yt_I_UaaqJrxT8,conversion,talk_watch
synthetic_165e291b13d8,2026-01-06T06:33:21Z,yt_WdfLV84-Q0o,conversion,talk_watch
synthetic_d1b2d5c1a715,2025-11-23T11:22:11Z,yt_2Eg2cf7aHA0,conversion,talk_watch
synthetic_799c3cfc9565,2025-12-20T07:30:21Z,yt_nzsFUz2K884,conversion,talk_watch
synthetic_4145814ad542,2025-12-05T00:43:42Z,yt_A-cW5XyCjFk,conversion,talk_watch
synthetic_8d1caa9a7e10,2026-01-14T10:58:56Z,yt_NyXcsy9QbQg,conversion,talk_watch
synthetic_92856d505191,2025-12-03T14:32:19Z,yt_3RIxy9YE-Yk,conversion,talk_watch
synthetic_b6bd0388fa77,2025-11-21T21:55:00Z,yt_WQjpxHcQA64,conversion,talk_watch
synthetic_ed9b73fdcb35,2025-12-11T06:04:48Z,yt_z4zXicOAF28,conversion,talk_watch
synthetic_a5fb79ac3e12,2025-11-24T00:30:43Z,yt_o7Jk6R9sEWE,conversion,talk_watch
synthetic_3cf6b52158e1,2025-12-06T23:14:31Z,yt_QgVFMaAX4KU,conversion,talk_watch
synthetic_0f9b99aa50ad,2025-11-20T23:47:30Z,yt_I_NX6O4pDOM,conversion,talk_watch
synthetic_c658324fe4ef,2026-01-08T09:14:47Z,yt_cO6NOc1yv4Y,conversion,talk_watch
synthetic_ffd66290f786,2025-12-19T07:40:15Z,yt_lTPo1R0LznY,conversion,talk_watch
synthetic_79521c2eaada,2026-01-15T11:41:42Z,yt_HOiV_WhYoxs,conversion,talk_watch
synthetic_4a513f8aa3fb,2025-11-24T03:38:50Z,yt_vBdf7wXkpSs,conversion,talk_watch
synthetic_2dd9ae2c44d8,2026-01-07T09:08:36Z,yt_-wNSSDC9_O4,conversion,talk_watch
synthetic_ca593cd55d41,2025-11-22T14:22:58Z,yt_-emZc5tA3SI,conversion,talk_watch
synthetic_25faef8ec0f9,2025-12-07T00:35:34Z,yt_FP5c8_U1G-w,conversion,talk_watch
synthetic_4ff3484a5b60,2026-01-08T15:08:23Z,yt_cYoNDoa4_jE,conversion,talk_watch
synthetic_5a3eceb0c861,2025-11-28T00:34:11Z,yt_BDx7SC4USkU,conversion,talk_watch
synthetic_a1f7d5e6fb58,2025-12-01T09:14:55Z,yt_Uk3ljMUOyRc,conversion,talk_watch
synthetic_38ccc52d79c5,2025-12-26T08:30:52Z,yt_FLNN6bczTRk,conversion,talk_watch
synthetic_0b5f53514949,2025-11-28T10:29:40Z,yt_pqZFULVdg2g,conversion,talk_watch
synthetic_1ec8b1eb5403,2025-11-26T01:01:34Z,yt_2_Genyj6Ti8,conversion,talk_watch
synthetic_5ab87122801e,2026-01-08T11:44:51Z,yt_bvYKhf00UdQ,conversion,talk_watch
synthetic_d2d7f7505e29,2025-12-23T23:57:31Z,yt_z4zXicOAF28,conversion,talk_watch
